Brand,SKU,Product Name,Health Category,Therapeutic Platform,Nutrient Type,Format,Number of Actives,Bottle Count/Size,Unit Count,Mfg.,"Contains
  Iron"
Bariatric Fusion,BFCAPSADEK,Multivitamin Three Per Day ADEK 90ct Capsule,Foundational Health & Wellness,Metabolic,"Multivitamins, Vitamins & Minerals",Capsule,Multiple,90,90,BRH,yes
Bariatric Fusion,BFCAPSADEK270,Multivitamin Three Per Day ADEK 270ct Capsule,Foundational Health & Wellness,Metabolic,"Multivitamins, Vitamins & Minerals",Capsule,Multiple,270,270,BRH,yes
Bariatric Fusion,BFCAPSB50,B-50 Complex 90ct,Foundational Health & Wellness,Metabolic,"Multivitamins, Vitamins & Minerals",Capsule,Multiple,90,90,BRH,
Bariatric Fusion,BFCAPSBIOTIN5000,Biotin 5mg,Foundational Health & Wellness,Metabolic,"Multivitamins, Vitamins & Minerals",Capsule,Single,90,90,BRH,
Bariatric Fusion,BFCAPSDIGESTIVE,Digestive Enzyme capsules,Gastrointestinal Health,Digestive Health,Enzymes,Capsule,Multiple,60,60,Deerland/ADM,
Bariatric Fusion,BFCAPSENERGY,Energy Support 60ct,Energy,Health Vitality & Lifestyle,Herbs & Extracts,Capsule,Multiple,60,60,BRH,
Bariatric Fusion,BFCAPSGLP30,GLP-1 Boost & Balance,Metabolism & Healthy Weight,Metabolic,Herbs & Extracts,Capsule,Multiple,30,30,BRH,
Bariatric Fusion,BFCAPSGLPMULTI30,GLP-ONE Multivitamin,Foundational Health & Wellness,Metabolic,"Multivitamins, Vitamins & Minerals",Capsule,Multiple,30,30,,
Bariatric Fusion,BFCAPSHSNR,Hair Skin Nails Rejuvenator 60ct,Women's Health,Metabolic,"Multivitamins, Vitamins & Minerals",Capsule,Multiple,60,60,BRH,
Bariatric Fusion,BFCAPSHSNR120,Hair Skin Nails Rejuvenator 120ct,Women's Health,Metabolic,"Multivitamins, Vitamins & Minerals",Capsule,Multiple,120,120,BRH,
Bariatric Fusion,BFCAPSIRON30,Multivitamin One Per Day with 45mg Iron 30ct Capsules,Foundational Health & Wellness,Metabolic,"Multivitamins, Vitamins & Minerals",Capsule,Multiple,30,30,BRH,yes
Bariatric Fusion,BFCAPSIRON90,Multivitamin One Per Day with 45mg Iron 90ct Capsules,Foundational Health & Wellness,Metabolic,"Multivitamins, Vitamins & Minerals",Capsule,Multiple,90,90,BRH,yes
Bariatric Fusion,BFCAPSIRONC45,Iron 45mg with Vit C Capsule 60ct,Foundational Health & Wellness,Metabolic,"Multivitamins, Vitamins & Minerals",Capsule,Multiple,60,60,BRH,yes
Bariatric Fusion,BFCAPSIRONC60,Iron 60mg with Vit C Capsule 60ct,Foundational Health & Wellness,Metabolic,"Multivitamins, Vitamins & Minerals",Capsule,Multiple,60,60,BRH,yes
Bariatric Fusion,BFCAPSIRONFREE30,One-Per-Day Multivitamin without Iron 30 ct,Foundational Health & Wellness,Metabolic,"Multivitamins, Vitamins & Minerals",Capsule,Multiple,30,30,,
Bariatric Fusion,BFCAPSIRONFREE90,One-Per-Day Multivitamin without Iron 90 ct,Foundational Health & Wellness,Metabolic,"Multivitamins, Vitamins & Minerals",Capsule,Multiple,90,90,,
Bariatric Fusion,BFCAPSMULTI180,Multivitamin Two Per Day NO Iron 180ct Capsules,Foundational Health & Wellness,Metabolic,"Multivitamins, Vitamins & Minerals",Capsule,Multiple,180,180,BRH,
Bariatric Fusion,BFCAPSMULTI60,Multivitamin Two Per Day NO Iron 60ct Capsules,Foundational Health & Wellness,Metabolic,"Multivitamins, Vitamins & Minerals",Capsule,Multiple,60,60,BRH,
Bariatric Fusion,BFCAPSMULTI60-BRAZIL,Multivitamin Capsule Brazil,Foundational Health & Wellness,Metabolic,"Multivitamins, Vitamins & Minerals",Capsule,Multiple,60,60,BRH,
Bariatric Fusion,BFCAPSMULTIMEN30,"One Per Day Men’s Multivitamin Capsule, 30ct",Foundational Health & Wellness,Metabolic,"Multivitamins, Vitamins & Minerals",Capsule,Multiple,30,30,VitaQuest,yes
Bariatric Fusion,BFCAPSMULTIMEN90,"One Per Day Men’s Multivitamin Capsule, 90ct",Foundational Health & Wellness,Metabolic,"Multivitamins, Vitamins & Minerals",Capsule,Multiple,90,90,VitaQuest,yes
Bariatric Fusion,BFCAPSMULTIWOMEN30,"One Per Day Women’s Multivitamin Capsule, 30ct",Foundational Health & Wellness,Metabolic,"Multivitamins, Vitamins & Minerals",Capsule,Multiple,30,30,VitaQuest,yes
Bariatric Fusion,BFCAPSMULTIWOMEN90,"One Per Day Women’s Multivitamin Capsule, 90ct",Foundational Health & Wellness,Metabolic,"Multivitamins, Vitamins & Minerals",Capsule,Multiple,90,90,VitaQuest,yes
Bariatric Fusion,BFCAPSPROBIOTIC,Probiotic Capsule,Gastrointestinal Health,Digestive Health,Probiotics/Prebiotics & Fiber,Capsule,Single,60,60,VitaQuest,
Bariatric Fusion,BFCAPSSLEEP,Sleep Support 60ct,Sleep Support,Health Vitality & Lifestyle,Herbs & Extracts,Capsule,Multiple,60,60,BRH,
Bariatric Fusion,BFCAPSSTRESS,Stress Support 60ct,Stress Management,Health Vitality & Lifestyle,Herbs & Extracts,Capsule,Multiple,60,60,BRH,
Bariatric Fusion,BFCAPSVITA,Vitamin A 3000mcg RAE Soft Gels 60ct,Foundational Health & Wellness,Metabolic,"Multivitamins, Vitamins & Minerals",Soft Gel,Single,60,60,BRH,
Bariatric Fusion,BFCAPSVITB1,Vitamin B1 (Thiamin),Foundational Health & Wellness,Metabolic,"Multivitamins, Vitamins & Minerals",Capsule,Single,90,90,BRH,
Bariatric Fusion,BFCAPSVITD,Vitamin D3 5000IU 90ct,Foundational Health & Wellness,Metabolic,"Multivitamins, Vitamins & Minerals",Capsule,Single,90,90,BRH,
Bariatric Fusion,BFCHEWADEK,ADEK Complete Chewable,Foundational Health & Wellness,Metabolic,"Multivitamins, Vitamins & Minerals",Chewable Tablet,Multiple,120,120,NutraStar,yes
Bariatric Fusion,BFCHEWADEK-CA,ADEK Complete Chewable - CA label,Foundational Health & Wellness,Metabolic,"Multivitamins, Vitamins & Minerals",Chewable Tablet,Multiple,120,120,NutraStar,yes
Bariatric Fusion,BFCHEWCALCIUM-ORANGE,Calcium Citrate Chewable - Orange Citrus,"Bone, Joints & Muscles",Metabolic,"Multivitamins, Vitamins & Minerals",Chewable Tablet,Multiple,124,124,INW-Capstone,
Bariatric Fusion,BFCHEW-CHERRY,Wild Cherry Complete Chewables,Foundational Health & Wellness,Metabolic,"Multivitamins, Vitamins & Minerals",Chewable Tablet,Multiple,120,120,INW-Phoenix,yes
Bariatric Fusion,BFCHEW-CHERRY-CA,Wild Cherry Complete Chew - CA Label,Foundational Health & Wellness,Metabolic,"Multivitamins, Vitamins & Minerals",Chewable Tablet,Multiple,120,120,INW-Phoenix,yes
Bariatric Fusion,BFCHEWK-MIXEDBERRY,Very Berry Complete Chewables with K,Foundational Health & Wellness,Metabolic,"Multivitamins, Vitamins & Minerals",Chewable Tablet,Multiple,120,120,INW-Phoenix,yes
Bariatric Fusion,BFCHEWK-MIXEDBERRY-CA,Very Berry Complete Chewables with K - CA Label,Foundational Health & Wellness,Metabolic,"Multivitamins, Vitamins & Minerals",Chewable Tablet,Multiple,120,120,INW-Phoenix,yes
Bariatric Fusion,BFCHEW-LEMON-BRAZIL,Lemon Complete Chewables Brazil,Foundational Health & Wellness,Metabolic,"Multivitamins, Vitamins & Minerals",Chewable Tablet,Multiple,120,120,INW-Phoenix,
Bariatric Fusion,BFCHEW-MIXEDBERRY,Mixed Berry Complete Chewable,Foundational Health & Wellness,Metabolic,"Multivitamins, Vitamins & Minerals",Chewable Tablet,Multiple,120,120,INW-Phoenix,yes
Bariatric Fusion,BFCHEW-MIXEDBERRY-BRAZIL,Mixed Berry Complete Chewable Brazil,Foundational Health & Wellness,Metabolic,"Multivitamins, Vitamins & Minerals",Chewable Tablet,Multiple,120,120,INW-Phoenix,
Bariatric Fusion,BFCHEW-MIXEDBERRY-CA,Mixed Berry Complete - CA Label,Foundational Health & Wellness,Metabolic,"Multivitamins, Vitamins & Minerals",Chewable Tablet,Multiple,120,120,INW-Phoenix,yes
Bariatric Fusion,BFCHEWONEIRON-CITRUS30,Bariatric Multi - Chewable w/ Iron,Foundational Health & Wellness,Foundational Health,"Multivitamins, Vitamins & Minerals",Chewable Tablet,Multiple,30,30,INW - Capstone,yes
Bariatric Fusion,BFCHEWONEK-WATERMELON30,Watermelon One Per Day Bariatric Multivitamin with Iron 30 count,Foundational Health & Wellness,Metabolic,"Multivitamins, Vitamins & Minerals",Chewable Tablet,Multiple,30,30,INW-Phoenix,
Bariatric Fusion,BFCHEWONEK-WATERMELON90,Watermelon One Per Day Bariatric Multivitamin with Iron 90 count,Foundational Health & Wellness,Metabolic,"Multivitamins, Vitamins & Minerals",Chewable Tablet,Multiple,90,90,INW-Phoenix,
Bariatric Fusion,BFCHEW-ORANGE,Orange Cream Complete Chewable,Foundational Health & Wellness,Metabolic,"Multivitamins, Vitamins & Minerals",Chewable Tablet,Multiple,120,120,INW-Phoenix,yes
Bariatric Fusion,BFCHEW-ORANGE-BRAZIL,Orange Cream Complete Chewable Brazil,Foundational Health & Wellness,Metabolic,"Multivitamins, Vitamins & Minerals",Chewable Tablet,Multiple,120,120,INW-Phoenix,
Bariatric Fusion,BFCHEW-ORANGE-CA,Orange Complete Chew - CA Label,Foundational Health & Wellness,Metabolic,"Multivitamins, Vitamins & Minerals",Chewable Tablet,Multiple,120,120,INW-Phoenix,yes
Bariatric Fusion,BFCHEW-STRAWBERRY,Strawberry Complete Chewables,Foundational Health & Wellness,Metabolic,"Multivitamins, Vitamins & Minerals",Chewable Tablet,Multiple,120,120,INW-Phoenix,yes
Bariatric Fusion,BFCHEW-STRAWBERRY-BRAZIL,Strawberry Complete Chewables Brazil,Foundational Health & Wellness,Metabolic,"Multivitamins, Vitamins & Minerals",Chewable Tablet,Multiple,120,120,INW-Phoenix,
Bariatric Fusion,BFCHEW-STRAWBERRY-CA,Strawberry Complete Chew - CA Label,Foundational Health & Wellness,Metabolic,"Multivitamins, Vitamins & Minerals",Chewable Tablet,Multiple,120,120,INW-Phoenix,yes
Bariatric Fusion,BFCHEW-TROPICAL,Tropical Complete Chewables,Foundational Health & Wellness,Metabolic,"Multivitamins, Vitamins & Minerals",Chewable Tablet,Multiple,120,120,INW-Phoenix,yes
Bariatric Fusion,BFCHEW-TROPICAL-BRAZIL,Tropical Complete Chewables Brazil,Foundational Health & Wellness,Metabolic,"Multivitamins, Vitamins & Minerals",Chewable Tablet,Multiple,120,120,INW-Phoenix,
Bariatric Fusion,BFCHEW-TROPICAL-CA,Tropical Complete Chewable -CA Label,Foundational Health & Wellness,Metabolic,"Multivitamins, Vitamins & Minerals",Chewable Tablet,Multiple,120,120,INW-Phoenix,yes
Bariatric Fusion,BFGLPFIBER-UNFL-20S,GLP-One Prebiotic Fiber Powder,Gastrointestinal Health,Metabolic,Probiotics/Prebiotics & Fiber,Powder,Multiple,165g,165,,
Bariatric Fusion,BFMELTCALCIUM-WATERMELON,Calcium Citrate-Malate (Watermelon) Quickmelt 120ct,"Bone, Joints & Muscles",Metabolic,"Multivitamins, Vitamins & Minerals",Quick Melt,Multiple,120,120,BRH,
Bariatric Fusion,BFMELTIRON-MELONBERRY,Iron 45mg with Vit C (Melon-Berry) Quickmelt 90ct,Foundational Health & Wellness,Metabolic,"Multivitamins, Vitamins & Minerals",Quick Melt,Multiple,90,90,BRH,yes
Bariatric Fusion,BFMELTMULTI-WILDBERRY,Wildberry Multivitamin Quick Melt,Foundational Health & Wellness,Metabolic,"Multivitamins, Vitamins & Minerals",Quick Melt,Multiple,60,60,JW,yes
Bariatric Fusion,BFMELTVITD-LEMON,Vitamin D 125mcg (5000IU) Quick Melt (Lemon) 90ct,Foundational Health & Wellness,Metabolic,"Multivitamins, Vitamins & Minerals",Quick Melt,Single,90,90,BRH,
Bariatric Fusion,BFPROT-CAPP-21S,Cappuccino Protein Tubs,Metabolism & Healthy Weight,Metabolic,Protein & Collagen,Powder,Multiple,872,872,VitaQuest,
Bariatric Fusion,BFPROT-CAPP-21S-CA,Cappuccino Tub - CA Label,Metabolism & Healthy Weight,Metabolic,Protein & Collagen,Powder,Multiple,872,872,VitaQuest,
Bariatric Fusion,BFPROT-CHICSOUP-21S,Chicken Soup Protein Tubs,Metabolism & Healthy Weight,Metabolic,Protein & Collagen,Powder,Multiple,932,932,VitaQuest,
Bariatric Fusion,BFPROT-CHICSOUP-21S-CA,Chicken Soup Protein Tubs - CA Label,Metabolism & Healthy Weight,Metabolic,Protein & Collagen,Powder,Multiple,932,932,VitaQuest,
Bariatric Fusion,BFPROT-CHOC-21S,Chocolate Protein Tubs,Metabolism & Healthy Weight,Metabolic,Protein & Collagen,Powder,Multiple,884,884,VitaQuest,
Bariatric Fusion,BFPROT-CHOC-21S-CA,Chocolate Tub - CA Label,Metabolism & Healthy Weight,Metabolic,Protein & Collagen,Powder,Multiple,884,884,VitaQuest,
Bariatric Fusion,BFPROT-CHOCNUT-21S,Chocolate Peanut Butter Tubs,Metabolism & Healthy Weight,Metabolic,Protein & Collagen,Powder,Multiple,895,895,VitaQuest,
Bariatric Fusion,BFPROT-CHOCNUT-21S-CA,Chocolate Peanut Butter Tubs - CA Label,Metabolism & Healthy Weight,Metabolic,Protein & Collagen,Powder,Multiple,895,895,VitaQuest,
Bariatric Fusion,BFPROTCOLLAGEN-CHOC-30S,Chocolate Collagen Tubs,Metabolism & Healthy Weight,Metabolic,Protein & Collagen,Powder,Multiple,435,435,VitaQuest,
Bariatric Fusion,BFPROTCOLLAGEN-STRAWBANANA-30S,Strawberry Banana Collagen Tubs,Metabolism & Healthy Weight,Metabolic,Protein & Collagen,Powder,Multiple,375,375,VitaQuest,
Bariatric Fusion,BFPROTCOLLAGEN-UNFL-30S,Unflavored Collagen Tubs,Metabolism & Healthy Weight,Metabolic,Protein & Collagen,Powder,Multiple,339,339,VitaQuest,
Bariatric Fusion,BFPROTPKT-CAPP,Cappuccino Protein Packets,Metabolism & Healthy Weight,Metabolic,Protein & Collagen,Powder,Multiple,41.5 g,41.5,VitaQuest,
Bariatric Fusion,BFPROTPKT-CAPP-CA,Cappuccino Protein Packets- CA,Metabolism & Healthy Weight,Metabolic,Protein & Collagen,Powder,Multiple,41.5 g,41.5,#N/A,no UPC in NS
Bariatric Fusion,BFPROTPKT-CHICSOUP,Chicken Soup Protein Packets,Metabolism & Healthy Weight,Metabolic,Protein & Collagen,Powder,Multiple,44.4 g,44.4,VitaQuest,
Bariatric Fusion,BFPROTPKT-CHICSOUP-CA,Chicken Soup Protein Packets- CA,Metabolism & Healthy Weight,Metabolic,Protein & Collagen,Powder,Multiple,44.4 g,44.4,#N/A,no UPC in NS
Bariatric Fusion,BFPROTPKT-CHOC,Chocolate Protein Packets,Metabolism & Healthy Weight,Metabolic,Protein & Collagen,Powder,Multiple,42.1 g,42.1,VitaQuest,
Bariatric Fusion,BFPROTPKT-CHOC-CA,Chocolate Protein Packets- CA,Metabolism & Healthy Weight,Metabolic,Protein & Collagen,Powder,Multiple,42.1 g,42.1,#N/A,
Bariatric Fusion,BFPROTPKT-CHOCNUT,Chocolate Peanut Butter Packets,Metabolism & Healthy Weight,Metabolic,Protein & Collagen,Powder,Multiple,42.6 g,42.6,VitaQuest,
Bariatric Fusion,BFPROTPKT-CHOCNUT-CA,Chocolate Peanut Butter Packets- CA,Metabolism & Healthy Weight,Metabolic,Protein & Collagen,Powder,Multiple,42.6 g,42.6,#N/A,
Bariatric Fusion,BFPROTPKTCOLLAGEN-UNFL,Unflavored Collagen Packets,Metabolism & Healthy Weight,Metabolic,Protein & Collagen,Powder,Multiple,5.7 g,5.7,VitaQuest,
Bariatric Fusion,BFPROTPKTCOLLAGEN-UNFL-CA,Unflavored Collagen Packets - CA Label,Metabolism & Healthy Weight,Metabolic,Protein & Collagen,Powder,Multiple,,,#N/A,no UPC in NS
Bariatric Fusion,BFPROTPKT-STRAWBANANA,Strawberry Banana Protein Packet,Metabolism & Healthy Weight,Metabolic,Protein & Collagen,Powder,Multiple,40.5 g,40.5,VitaQuest,
Bariatric Fusion,BFPROTPKT-STRAWBANANA-CA,Strawberry Banana Protein Packet- CA,Metabolism & Healthy Weight,Metabolic,Protein & Collagen,Powder,Multiple,40.5 g,40.5,#N/A,
Bariatric Fusion,BFPROTPKT-STRAWBERRY,Strawberry Protein Packets,Metabolism & Healthy Weight,Metabolic,Protein & Collagen,Powder,Multiple,41.5 g,41.5,VitaQuest,
Bariatric Fusion,BFPROTPKT-STRAWBERRY-CA,Strawberry Protein Packets- CA,Metabolism & Healthy Weight,Metabolic,Protein & Collagen,Powder,Multiple,41.5 g,41.5,#N/A,
Bariatric Fusion,BFPROTPKT-UNFL,Unflavored Packets,Metabolism & Healthy Weight,Metabolic,Protein & Collagen,Powder,Multiple,40.4 g,40.4,VitaQuest,
Bariatric Fusion,BFPROTPKT-UNFL-CA,Unflavored Packets- CA,Metabolism & Healthy Weight,Metabolic,Protein & Collagen,Powder,Multiple,40.4 g,40.4,#N/A,no UPC in NS
Bariatric Fusion,BFPROTPKT-VAN,Vanilla Protein Packets,Metabolism & Healthy Weight,Metabolic,Protein & Collagen,Powder,Multiple,41.4 g,41.4,#N/A,
Bariatric Fusion,BFPROTPKT-VAN-CA,Vanilla Protein Packets- CA,Metabolism & Healthy Weight,Metabolic,Protein & Collagen,Powder,Multiple,41.4 g,41.4,#N/A,
Bariatric Fusion,BFPROT-STRAWBANANA-21S,Strawberry Banana Protein Tub,Metabolism & Healthy Weight,Metabolic,Protein & Collagen,Powder,Multiple,851,851,VitaQuest,
Bariatric Fusion,BFPROT-STRAWBANANA-21S-CA,Strawberry Banana Protein Tub - CA,Metabolism & Healthy Weight,Metabolic,Protein & Collagen,Powder,Multiple,851,851,VitaQuest,
Bariatric Fusion,BFPROT-STRAWBERRY-21S,Strawberry Protein Tubs,Metabolism & Healthy Weight,Metabolic,Protein & Collagen,Powder,Multiple,872,872,VitaQuest,
Bariatric Fusion,BFPROT-STRAWBERRY-21S-CA,Strawberry Protein Tub - CA Label,Metabolism & Healthy Weight,Metabolic,Protein & Collagen,Powder,Multiple,871,871,VitaQuest,
Bariatric Fusion,BFPROT-UNFL-21S,Unflavored Tubs,Metabolism & Healthy Weight,Metabolic,Protein & Collagen,Powder,Multiple,848,848,VitaQuest,
Bariatric Fusion,BFPROT-UNFL-21S-CA,Unflavored Tubs - CA Label,Metabolism & Healthy Weight,Metabolic,Protein & Collagen,Powder,Multiple,848,848,VitaQuest,
Bariatric Fusion,BFPROT-VAN-21S,Vanilla Protein Tubs,Metabolism & Healthy Weight,Metabolic,Protein & Collagen,Powder,Multiple,869,869,VitaQuest,
Bariatric Fusion,BFPROT-VAN-21S-CA,Vanilla Tub - CA Label,Metabolism & Healthy Weight,Metabolic,Protein & Collagen,Powder,Multiple,869,869,VitaQuest,
Bariatric Fusion,BFSOFTCALCIUM-CARAMEL,Caramel Calcium Soft Chews,"Bone, Joints & Muscles",Metabolic,"Multivitamins, Vitamins & Minerals",Soft Chew,Multiple,60,60,Food Pharma,
Bariatric Fusion,BFSOFTCALCIUM-CRANGRAPE,Cran-Grape Calcium Soft Chews,"Bone, Joints & Muscles",Metabolic,"Multivitamins, Vitamins & Minerals",Soft Chew,Multiple,60,60,Food Pharma,
Bariatric Fusion,BFSOFTCALCIUM-FRUITPUNCH,Fruit Punch Calcium Soft Chews,"Bone, Joints & Muscles",Metabolic,"Multivitamins, Vitamins & Minerals",Soft Chew,Multiple,60,60,Food Pharma,
Bariatric Fusion,BFSOFTCALCIUM-LEMON,Lemon Calcium Soft Chews,"Bone, Joints & Muscles",Metabolic,"Multivitamins, Vitamins & Minerals",Soft Chew,Multiple,60,60,Food Pharma,
Bariatric Fusion,BFSOFTCALCIUM-STRAWBERRY,Strawberry Blast Calcium Soft Chews,"Bone, Joints & Muscles",Metabolic,"Multivitamins, Vitamins & Minerals",Soft Chew,Multiple,60,60,Food Pharma,
Bariatric Fusion,BFSOFTCALCIUM-VAN,Vanilla Creme Calcium Soft Chews,"Bone, Joints & Muscles",Metabolic,"Multivitamins, Vitamins & Minerals",Soft Chew,Multiple,60,60,Food Pharma,
Bariatric Fusion,BFSOFTCALCIUM-VARIETY,Calcium Soft Chew Variety Pack (TBD - new product coming),"Bone, Joints & Muscles",Metabolic,"Multivitamins, Vitamins & Minerals",Soft Chew,Multiple,90,90,,
Bariatric Fusion,BFSOFTIRON-CHERRY,Cherry Iron Soft Chews,Foundational Health & Wellness,Metabolic,"Multivitamins, Vitamins & Minerals",Soft Chew,Multiple,60,60,Food Pharma,yes
Bariatric Fusion,BFSOFTIRON-GRAPE,Grape Iron Soft Chews,Foundational Health & Wellness,Metabolic,"Multivitamins, Vitamins & Minerals",Soft Chew,Multiple,60,60,Food Pharma,yes
Bariatric Fusion,BFSOFTIRON-WATERMELON,Watermelon Iron Soft Chews,Foundational Health & Wellness,Metabolic,"Multivitamins, Vitamins & Minerals",Soft Chew,Multiple,60,60,Food Pharma,yes
Bariatric Fusion,BFSOFTMULTI-CHERRYPINEAPPLE,Cherry Pineapple Soft Chews,Foundational Health & Wellness,Metabolic,"Multivitamins, Vitamins & Minerals",Soft Chew,Multiple,60,60,Food Pharma,
Bariatric Fusion,BFSOFTMULTI-MIXEDBERRY,Mixed Berry Soft Chews,Foundational Health & Wellness,Metabolic,"Multivitamins, Vitamins & Minerals",Soft Chew,Multiple,60,60,Food Pharma,
Bariatric Fusion,BFSOFTMULTI-TROPICAL,Tropical Fruit Soft Chews,Foundational Health & Wellness,Metabolic,"Multivitamins, Vitamins & Minerals",Soft Chew,Multiple,60,60,Food Pharma,
Bariatric Fusion,BFSOFTMULTI-WATERMELON,Watermelon Multi Soft Chews,Foundational Health & Wellness,Metabolic,"Multivitamins, Vitamins & Minerals",Soft Chew,Multiple,60,60,Food Pharma,
Bariatric Fusion,BFSOFTPROBIOTIC,Probiotic Soft Chews,Gastrointestinal Health,Digestive Health,Probiotics/Prebiotics & Fiber,Soft Chew,Single,60,60,Food Pharma,
Bariatric Fusion,BFSOFTPROBIOTIC-GRAPE,Probiotic Soft Chews Grape,Gastrointestinal Health,Digestive Health,Probiotics/Prebiotics & Fiber,Soft Chew,Single,60,60,Food Pharma,
Bariatric Fusion,BFSUBB12-CHERRY,Sublingual B12 Cherry,Foundational Health & Wellness,Metabolic,"Multivitamins, Vitamins & Minerals",Quick Melt,Multiple,90,90,INW-Phoenix,
Bariatric Fusion,BFSUBB12-GRAPE,Sublingual B12 Grape,Foundational Health & Wellness,Metabolic,"Multivitamins, Vitamins & Minerals",Quick Melt,Multiple,90,90,INW-Phoenix,
Bariatric Fusion,BFTABCALCIUM180,Calcium Citrate with Vitamin D3,Foundational Health & Wellness,Metabolic,"Multivitamins, Vitamins & Minerals",Tablet,Multiple,180,180,VitaQuest,
Fairhaven Health,CPFHASOVACUEWIRELESSSENSORO,FHASOVACUEWIRELESS,Medical Device,Women's Health,Medical Device,Medical Device,N/A,1,1,,
Fairhaven Health,CPFHASOVACUEWIRELESSSENSORV,FHASOVACUEWIRELESS,Medical Device,Women's Health,Medical Device,Medical Device,N/A,1,1,,
Fairhaven Health,FHBABYDANCE3GTUBE,"BabyDance Fertility Lubricant, Single 3g Tube",Medical Device,Women's Health,Medical Device,Medical Device,N/A,3 g,3,MultiPack,
Fairhaven Health,FHBABYDANCE40GAPP,"BabyDance Fertility Lubricant, 40g Tube, 10 Applicators",Medical Device,Women's Health,Medical Device,Medical Device,N/A,40g,40,MultiPack,
Fairhaven Health,FHBABYDANCE40GEXT,"BabyDance Fertility Lubricant, 40g Tube, External Use, Flip-Top Cap",Medical Device,Women's Health,Medical Device,Medical Device,N/A,40g,40,MultiPack,
Fairhaven Health,FHCOQ10,CoEnzyme Q10 for Fertility,Men's Fertility/Reproductive Health,Women's Health,Antioxidants,Capsule,Single,60,60,BRH,
Fairhaven Health,FHCOUNTBOOST-IR,CountBoost for Men 60ct - Iran,Men's Fertility/Reproductive Health,Women's Health,Antioxidants,Capsule,Multiple,60,60,ANS,
Fairhaven Health,FHCOUNTBOOST-NG,CountBoost for Men 60ct - NG,Men's Fertility/Reproductive Health,Women's Health,Antioxidants,Capsule,Multiple,60,60,ANS,
Fairhaven Health,FHCOUNTBOOST-US,CountBoost for Men 60ct - US,Men's Fertility/Reproductive Health,Women's Health,Antioxidants,Capsule,Multiple,60,60,ANS,
Fairhaven Health,FHCYCLEBOOST,CycleBoost 180ct,Women's Fertility/Reproductive Health,Women's Health,Amino Acids,Powder,Multiple,432,432,ANS,
Fairhaven Health,FHFERTILAIDMEN-IR,FertilAid for Men-Iran,Men's Fertility/Reproductive Health,Women's Health,"Multivitamins, Vitamins & Minerals",Capsule,Multiple,,,,
Fairhaven Health,FHFERTILAIDMEN-NG,FertilAid for Men - NG,Men's Fertility/Reproductive Health,Women's Health,"Multivitamins, Vitamins & Minerals",Capsule,Multiple,90,90,ANS,
Fairhaven Health,FHFERTILAIDMEN-US,FertilAid for Men-US,Men's Fertility/Reproductive Health,Women's Health,"Multivitamins, Vitamins & Minerals",Capsule,Multiple,90,90,ANS,
Fairhaven Health,FHFERTILAIDWOMEN-IR,FertilAid for Women-Iran,Women's Fertility/Reproductive Health,Women's Health,"Multivitamins, Vitamins & Minerals",Capsule,Multiple,90,90,,yes
Fairhaven Health,FHFERTILAIDWOMEN-NG,FertilAid for Women-NG,Women's Fertility/Reproductive Health,Women's Health,"Multivitamins, Vitamins & Minerals",Capsule,Multiple,90,90,ANS,yes
Fairhaven Health,FHFERTILAIDWOMEN-US,FertilAid for Women-US,Women's Fertility/Reproductive Health,Women's Health,"Multivitamins, Vitamins & Minerals",Capsule,Multiple,90,90,ANS,yes
Fairhaven Health,FHFERTILECM,FertileCM,Women's Fertility/Reproductive Health,Women's Health,Antioxidants,Capsule,Multiple,90,90,ANS,
Fairhaven Health,FHFERTILECM-IR,FertileCM-Iran,Women's Fertility/Reproductive Health,Women's Health,Antioxidants,Capsule,Multiple,90,90,ANS,
Fairhaven Health,FHFERTILITEA,FertiliTea,Women's Fertility/Reproductive Health,Women's Health,Herbs & Extracts,Tea,Multiple,3 oz,3,Spice Hut,
Fairhaven Health,FHISOFRESHPROBIOTIC,IsoFresh Probiotic,Women's Health,Women's Health,Probiotics/Prebiotics & Fiber,Capsule,Multiple,30,30,ANS,
Fairhaven Health,FHMENOPAUSEMULTI30,Menopause Multivitamin 30ct,Women's Health,Women's Health,"Multivitamins, Vitamins & Minerals",Capsule,Multiple,30,30,BRH,yes
Fairhaven Health,FHMENOPAUSERELIEF30,Complete Menopause Relief,Women's Health,Women's Health,Herbs & Extracts,Capsule,Multiple,30,30,BRH,
Fairhaven Health,FHMILKPRODUCTION30,Complete Lactation Support,Women's Health,Women's Health,Herbs & Extracts,Capsule,Multiple,30,30,BRH,
Fairhaven Health,FHMKPOSTNATAL,Nursing Postnatal Blend 60ct,Prenatal/Nursing,Women's Health,"Multivitamins, Vitamins & Minerals",Capsule,Multiple,60,60,BRH,yes
Fairhaven Health,FHMOTILITYBOOST-IR,MotilityBoost-Iran,Men's Fertility/Reproductive Health,Women's Health,Antioxidants,Capsule,Multiple,60,60,,
Fairhaven Health,FHMOTILITYBOOST-NG,MotilityBoost-NG 60ct,Men's Fertility/Reproductive Health,Women's Health,Antioxidants,Capsule,Multiple,60,60,ANS,
Fairhaven Health,FHMOTILITYBOOST-US,MotilityBoost-US 60ct,Men's Fertility/Reproductive Health,Women's Health,Antioxidants,Capsule,Multiple,60,60,ANS,
Fairhaven Health,FHMYODCHIRO,Myo-Inositol D-Chiro 120ct,Women's Fertility/Reproductive Health,Women's Health,Amino Acids,Capsule,Multiple,120,120,ANS,
Fairhaven Health,FHMYODCHIRO240,Myo-Inositol D-Chiro 240ct,Women's Fertility/Reproductive Health,Women's Health,Amino Acids,Capsule,Multiple,240,240,ANS,
Fairhaven Health,FHMYOFOLATE,Myo-Folate (Drinkable Fertility Supplement),Women's Fertility/Reproductive Health,Women's Health,Amino Acids,Powder,Multiple,30,30,ANS,
Fairhaven Health,FHMYOINOSITOL,Myo-Inositol 120ct,Immune Health,Women's Health,Amino Acids,Capsule,Single,120,120,ANS,
Fairhaven Health,FHMYOINOSITOL240,Myo-Inositol 240ct,Women's Fertility/Reproductive Health,Women's Health,Amino Acids,Capsule,Single,240,240,ANS,
Fairhaven Health,FHMYOINOSITOL-IR,Myo-Inositol 120ct - Iran,Immune Health,Women's Health,Amino Acids,Capsule,Single,120,120,ANS,
Fairhaven Health,FHMYOPLUS120,Myo + D-Chiro Inositol with PQQ,Women's Fertility/Reproductive Health,Women's Health,Antioxidants,Capsule,Multiple,120,120,BRH,
Fairhaven Health,FHONE30,Women's Multivitamin Essentials (One Multi) 30ct,Women's Health,Women's Health,"Multivitamins, Vitamins & Minerals",Capsule,Multiple,30,30,BRH,
Fairhaven Health,FHOTS,BFP Ovulation Test Strip,Medical Device,Women's Health,Medical Device,Medical Device,N/A,1,1,Artron,
Fairhaven Health,FHOVABOOST-AMZ,Ovaboost for Women,Women's Fertility/Reproductive Health,Women's Health,Antioxidants,Capsule,Multiple,120,120,ANS,
Fairhaven Health,FHOVABOOST-IR,Ovaboost-Iran,Women's Fertility/Reproductive Health,Women's Health,Antioxidants,Capsule,Multiple,120,120,ANS,
Fairhaven Health,FHOVABOOST-NG,OvaBoost-NG 120ct,Women's Fertility/Reproductive Health,Women's Health,Antioxidants,Capsule,Multiple,120,120,ANS,
Fairhaven Health,FHOVABOOST-US,OvaBoost-US 120ct,Women's Fertility/Reproductive Health,Women's Health,Antioxidants,Capsule,Multiple,120,120,ANS,
Fairhaven Health,FHPMSRELIEF30,PMS Relief - 30 count,Women's Health,Women's Health,,Capsule,Multiple,30,30,BRH,
Fairhaven Health,FHPOSTNATALMULTI60,Postnatal Multivitamin,Prenatal/Nursing,Women's Health,"Multivitamins, Vitamins & Minerals",Capsule,Multiple,60,60,BRH,yes
Fairhaven Health,FHPPCALMAG,PeaPod CalMag,"Bone, Joints & Muscles",Women's Health,"Multivitamins, Vitamins & Minerals",Capsule,Multiple,60,60,BRH,
Fairhaven Health,FHPPOMEGA3,PeaPod Omega-3,Cardiovascular Health,Women's Health,Fish Oils & Omegas,Soft Gel,Multiple,90,90,Iceland Direct,
Fairhaven Health,FHPPPRENATAL,Pregnancy Plus Prenatal Vitamin,Prenatal/Nursing,Women's Health,"Multivitamins, Vitamins & Minerals",Tablet,Multiple,60,60,ANS,yes
Fairhaven Health,FHPRENATALMULTI,Prenatal Multivitamin Essentials 60ct,Women's Health,Women's Health,"Multivitamins, Vitamins & Minerals",Capsule,Multiple,60,60,BRH,yes
Fairhaven Health,FHPROMEN,FH Pro for Men,Men's Fertility/Reproductive Health,Women's Health,"Multivitamins, Vitamins & Minerals",Capsule,Multiple,180,180,ANS,
Fairhaven Health,FHPROMEN-IR,FH Pro for Men - Iran,Men's Fertility/Reproductive Health,Women's Health,"Multivitamins, Vitamins & Minerals",Capsule,Multiple,180,180,ANS,
Fairhaven Health,FHPROWOMEN,FH Pro for Women,Women's Fertility/Reproductive Health,Women's Health,"Multivitamins, Vitamins & Minerals",Capsule,Multiple,180,180,ANS,yes
Fairhaven Health,FHPROWOMEN-IR,FH Pro for Women - Iran,Women's Fertility/Reproductive Health,Women's Health,"Multivitamins, Vitamins & Minerals",Capsule,Multiple,,,,yes
Fairhaven Health,FHPTS,BFP Pregnancy Test Strip,Medical Device,Women's Health,Medical Device,Medical Device,N/A,1,1,Artron,
Bariatric Fusion,FLSOFTIRON-CHERRY,Fusion Lifestyle Cherry Iron Soft Chews,Foundational Health & Wellness,Foundational Health,"Multivitamins, Vitamins & Minerals",Soft Chew,Multiple,60,60,#N/A,yes
Bariatric Fusion,FLSOFTIRON-GRAPE,Fusion Lifestyle Grape Iron Soft Chews,Foundational Health & Wellness,Foundational Health,"Multivitamins, Vitamins & Minerals",Soft Chew,Multiple,60,60,#N/A,yes
Bariatric Fusion,FLSOFTIRON-WATERMELON,- None -,Foundational Health & Wellness,Foundational Health,"Multivitamins, Vitamins & Minerals",Soft Chew,Multiple,30,30,#N/A,yes
Hyperbiotics,HBADV30,PRO-15 Advanced 30 count,Gastrointestinal Health,Digestive Health,Probiotics/Prebiotics & Fiber,Tablet,Multiple,30,30,Probi,
Hyperbiotics,HBADV60,PRO-15 Advanced 60 count,Gastrointestinal Health,Digestive Health,Probiotics/Prebiotics & Fiber,Tablet,Multiple,60,60,Probi,
Hyperbiotics,HBBB60,PRO-Lean (formerly Better Body),Metabolism & Healthy Weight,Digestive Health,Probiotics/Prebiotics & Fiber,Tablet,Multiple,60,60,Probi,
Hyperbiotics,HBBIF60,PRO-Bifido 50+ (formerly PRO-Bifido),Immune Health,Digestive Health,Probiotics/Prebiotics & Fiber,Tablet,Multiple,60,60,Probi,
Hyperbiotics,HBDENT45,PRO-Dental 45 count,Dental Health,Digestive Health,Probiotics/Prebiotics & Fiber,Chewable Tablet,Multiple,45,45,Probi,
Hyperbiotics,HBDENT90,PRO-Dental 90 count,Dental Health,Digestive Health,Probiotics/Prebiotics & Fiber,Chewable Tablet,Multiple,90,90,Probi,
Hyperbiotics,HBENT45,PRO-Kids ENT,Immune Health,Digestive Health,Probiotics/Prebiotics & Fiber,Chewable Tablet,Multiple,45,45,Probi,
Hyperbiotics,HBGBX60,PRO-Mood (formerly Gut Brain Balance & GBX),"Memory, Mood & Focus",Digestive Health,Probiotics/Prebiotics & Fiber,Tablet,Multiple,60,60,Probi,
Hyperbiotics,HBIBS30,PRO-IBS Support,Gastrointestinal Health,Digestive Health,Probiotics/Prebiotics & Fiber,Capsule,Multiple,30,30,Probi,
Hyperbiotics,HBIMM60,"PRO-Leaky Gut Defense (formerly PRO-Gut Integrity, PRO-Immune)",Gastrointestinal Health,Digestive Health,Probiotics/Prebiotics & Fiber,Tablet,Multiple,60,60,Probi,
Hyperbiotics,HBKIDS60,PRO-Kids,Immune Health,Digestive Health,Probiotics/Prebiotics & Fiber,Chewable Tablet,Multiple,60,60,Probi,
Hyperbiotics,HBMEN30,PRO-Men 30 count,Men's Health,Digestive Health,Probiotics/Prebiotics & Fiber,Tablet,Multiple,30,30,Probi,
Hyperbiotics,HBMEN60,PRO-Men 60 count,Men's Health,Digestive Health,Probiotics/Prebiotics & Fiber,Tablet,Multiple,60,60,Probi,
Hyperbiotics,HBMOMS30,PRO-Natal (formerly PRO-Moms),Women's Health,Digestive Health,Probiotics/Prebiotics & Fiber,Tablet,Multiple,30,30,Probi,
Hyperbiotics,HBP1530,PRO-15 30 count,Gastrointestinal Health,Digestive Health,Probiotics/Prebiotics & Fiber,Tablet,Multiple,30,30,Probi,
Hyperbiotics,HBP1560,PRO-15 60 count,Gastrointestinal Health,Digestive Health,Probiotics/Prebiotics & Fiber,Tablet,Multiple,60,60,Probi,
Hyperbiotics,HBPETS60,PRO-Pets,Pet Health,Digestive Health,Probiotics/Prebiotics & Fiber,Tablet,Multiple,60,60,Probi,
Hyperbiotics,HBPP375,Prebiotic Powder,Gastrointestinal Health,Digestive Health,Probiotics/Prebiotics & Fiber,Powder,Multiple,375 g,375,Fortress→ANS,
Hyperbiotics,HBPREPRO30,PRE+PRO 30 count,Gastrointestinal Health,Digestive Health,Probiotics/Prebiotics & Fiber,Capsule,Multiple,30,30,Probi,
Hyperbiotics,HBPREPRO60,PRE+PRO 60 count,Gastrointestinal Health,Digestive Health,Probiotics/Prebiotics & Fiber,Capsule,Multiple,60,60,Probi,
Hyperbiotics,HBTP4,Activated Charcoal Probiotic Toothpaste,Medical Device,Digestive Health,Medical Device,Toothpaste,Multiple,113 g,113,Nutrix,
Hyperbiotics,HBWOM30,PRO-Women 30 count,Women's Health,Digestive Health,Probiotics/Prebiotics & Fiber,Tablet,Multiple,30,30,Probi,
Hyperbiotics,HBWOM60,PRO-Women 60 count,Women's Health,Digestive Health,Probiotics/Prebiotics & Fiber,Tablet,Multiple,60,60,Probi,
Unjury,UNBCHOCPBMINI,Chocolate Peanut Butter Mini Bar,Metabolism & Healthy Weight,Metabolic,Protein & Collagen,Bar,Multiple,480 g,480,Claremont Foods,
Unjury,UNBCOOKIEMINI,(TBD - new product coming),Metabolism & Healthy Weight,Metabolic,Protein & Collagen,Bar,Single,N/A,,,
Unjury,UNBLEMONMINI,(TBD - new product coming),Metabolism & Healthy Weight,Metabolic,Protein & Collagen,Bar,Single,N/A,,,
Unjury,UNJBEEFHERBCNT,Beef & Herb Protein Powder,Metabolism & Healthy Weight,Metabolic,Protein & Collagen,Powder,Single,420 g,420,Mill Haven Foods,
Unjury,UNJBEEFHERBSTK,Beef & Herb Stick Pack,Metabolism & Healthy Weight,Metabolic,Protein & Collagen,Powder,Single,14 g,14,Steuart Packaging,
Unjury,UNJCHKNSOUPCNT,Chicken Soup Protein Powder,Metabolism & Healthy Weight,Metabolic,Protein & Collagen,Powder,Single,405 g,405,Mill Haven Foods,
Unjury,UNJCHKNSOUPSTK,Chicken Soup Stick Pack,Metabolism & Healthy Weight,Metabolic,Protein & Collagen,Powder,Single,13.5 g,13.5,Steuart Packaging,
Unjury,UNJCHOCSPLDRCNT,Chocolate Splendor Protein Powder,Metabolism & Healthy Weight,Metabolic,Protein & Collagen,Powder,Single,522 g,522,Mill Haven Foods,
Unjury,UNJCHOCSPLDRSTK,Chocolate Splendor Stick Pack,Metabolism & Healthy Weight,Metabolic,Protein & Collagen,Powder,Single,15.5 g,15.5,Steuart Packaging,
Unjury,UNJFRONIONCNT,French Onion Protein Powder,Metabolism & Healthy Weight,Metabolic,Protein & Collagen,Powder,Single,420 g,420,Mill Haven Foods,
Unjury,UNJFRONIONSTK,French Onion Stick Pack,Metabolism & Healthy Weight,Metabolic,Protein & Collagen,Powder,Single,14 g,14,Steuart Packaging,
Unjury,UNJMOONBEAMCNT,Moonbeam Mist Protein Powder,Metabolism & Healthy Weight,Metabolic,Protein & Collagen,Powder,Single,390 g,390,Mill Haven Foods,
Unjury,UNJMOONBEAMCNT-CA,Moonbeam Mist Protein Powder - CA Label,Metabolism & Healthy Weight,Metabolic,Protein & Collagen,Powder,Single,,,Mill Haven Foods,
Unjury,UNJMOONBEAMSTK,Moon Beam Mist Stick Pack,Metabolism & Healthy Weight,Metabolic,Protein & Collagen,Powder,Single,13.65 g,13.65,Steuart Packaging,
Unjury,UNJSTRWSRBTCNT,Strawberry Sorbet Protein Powder,Metabolism & Healthy Weight,Metabolic,Protein & Collagen,Powder,Single,420 g,420,Mill Haven Foods,
Unjury,UNJSTRWSRBTCNT-CA,Strawberry Protein Powder - CA Label,Metabolism & Healthy Weight,Metabolic,Protein & Collagen,Powder,Single,,,Mill Haven Foods,
Unjury,UNJSTRWSRBTSTK,Strawberry Stick Pack,Metabolism & Healthy Weight,Metabolic,Protein & Collagen,Powder,Single,13.75 g,13.75,Steuart Packaging,
Unjury,UNJUNFLVCNT,Unflavored Protein Powder,Metabolism & Healthy Weight,Metabolic,Protein & Collagen,Powder,Single,360 g,360,Mill Haven Foods,
Unjury,UNJUNFLVRSTK,Unflavored Stick Pack,Metabolism & Healthy Weight,Metabolic,Protein & Collagen,Powder,Single,12 g,12,Steuart Packaging,
Unjury,UNJVANILLACNT,Vanilla Protein Powder,Metabolism & Healthy Weight,Metabolic,Protein & Collagen,Powder,Single,420 g,420,Mill Haven Foods,
Unjury,UNJVANILLACNT-CA,Vanilla Protein Powder - CA Label,Metabolism & Healthy Weight,Metabolic,Protein & Collagen,Powder,Single,,,Mill Haven Foods,
Unjury,UNJVANILLASTK,Vanilla Stick Pack,Metabolism & Healthy Weight,Metabolic,Protein & Collagen,Powder,Single,14 g,14,Steuart Packaging,
Unjury,UNMARTCHOCCNT,MRP Artisan Chocolate,Metabolism & Healthy Weight,Metabolic,Protein & Collagen,Powder,Multiple,1512 g,1512,Mill Haven Foods,
Unjury,UNMCHICKSOUPCNT,MRP Martha's Chicken Soup,Metabolism & Healthy Weight,Metabolic,Protein & Collagen,Powder,Multiple,1484 g,1484,Mill Haven Foods,
Unjury,UNMVANILLACNT,MRP French Vanilla,Metabolism & Healthy Weight,Metabolic,Protein & Collagen,Powder,Multiple,735 g,735,Mill Haven Foods,
Unjury,UNPCHOCCNT,Planted True Chocolate Vegan Powder,Metabolism & Healthy Weight,Metabolic,Protein & Collagen,Powder,Multiple,700 g,700,Mill Haven Foods,
Unjury,UNPUNFLVCNT,Planted Unflavored Vegan Powder,Metabolism & Healthy Weight,Metabolic,Protein & Collagen,Powder,Multiple,500 g,500,Mill Haven Foods,
Unjury,UNRRICHCHOC,RTD - Rich Chocolate,Metabolism & Healthy Weight,Metabolic,Protein & Collagen,RTD,Single,250 ml,250,Jasper,
Unjury,UNRVANILLA,RTD Vanilla,Metabolism & Healthy Weight,Metabolic,Protein & Collagen,RTD,Single,250 ml,250,Jasper,
Unjury,UNSCHOCCNT,Protect & Restore - Chocolate Mocha,Metabolism & Healthy Weight,Metabolic,Protein & Collagen,Powder,Multiple,810 g,810,Mill Haven Foods,
Unjury,UNSTROPICALCNT,Protect & Restore - Tropical,Metabolism & Healthy Weight,Metabolic,Protein & Collagen,Powder,Multiple,795 g,795,Mill Haven Foods,
Vital Nutrients,VN5HTP,5-HTP 50mg,"Memory, Mood & Focus",Central Nervous System,Amino Acids,Capsule,Single,60,60,BRH,
Vital Nutrients,VN5HTP2,5-HTP 100mg,"Memory, Mood & Focus",Central Nervous System,Amino Acids,Capsule,Single,60,60,BRH,
Vital Nutrients,VNADR,Adrenal Support 60ct,Energy,Health Vitality & Lifestyle,Other,Capsule,Multiple,60,60,BRH,
Vital Nutrients,VNADR2,Adrenal Support 120ct,Energy,Health Vitality & Lifestyle,Other,Capsule,Multiple,120,120,BRH,
Vital Nutrients,VNADR240,Adrenal Support 240ct,Energy,Health Vitality & Lifestyle,Other,Capsule,Multiple,240,240,BRH,
Vital Nutrients,VNAG,American Ginseng Extract,Energy,Health Vitality & Lifestyle,Herbs & Extracts,Capsule,Single,100,100,BRH,
Vital Nutrients,VNAGCA,American Ginseng Extract - CA LABEL,Energy,Health Vitality & Lifestyle,Herbs & Extracts,Capsule,Single,100,100,BRH,
Vital Nutrients,VNAL3,Lipoic Acid 300mg,Metabolism & Healthy Weight,Metabolic,Antioxidants,Capsule,Single,60,60,BRH,
Vital Nutrients,VNALC,Acetyl L-Carnitine 500mg Caps,"Memory, Mood & Focus",Health Vitality & Lifestyle,Amino Acids,Capsule,Single,60,60,BRH,
Vital Nutrients,VNALCP,Acetyl L-Carnitine Powder,"Memory, Mood & Focus",Health Vitality & Lifestyle,Amino Acids,Powder,Single,100,100,BRH,
Vital Nutrients,VNALL,Aller-C 100ct,Immune Health,Immune / Inflammation,Antioxidants,Capsule,Multiple,100,100,BRH,
Vital Nutrients,VNALL2,Aller-C 200ct,Immune Health,Immune / Inflammation,Antioxidants,Capsule,Multiple,200,200,BRH,
Vital Nutrients,VNALL2CA,Aller-C #200 - CA Label,Immune Health,Immune / Inflammation,Antioxidants,Capsule,Multiple,200,200,#N/A,
Vital Nutrients,VNALLCA,Aller-C #100 - CA Label,Immune Health,Immune / Inflammation,Antioxidants,Capsule,Multiple,100,100,#N/A,
Vital Nutrients,VNARA,Arabinogalactan Powder,Gastrointestinal Health,Digestive Health,Herbs & Extracts,Powder,Single,300,300,BRH,
Vital Nutrients,VNAS,Astragalus Root,Immune Health,Immune / Inflammation,Herbs & Extracts,Capsule,Single,90,90,BRH,
Vital Nutrients,VNBC,Beta Carotene 90ct,Immune Health,Immune / Inflammation,Antioxidants,Capsule,Single,90,90,Softgel Technologies,
Vital Nutrients,VNBCQ120,BCQ 120ct,"Bone, Joints & Muscles",Immune / Inflammation,Antioxidants,Capsule,Multiple,120,120,BRH,
Vital Nutrients,VNBCQ120CA,BCQ 120ct - CA Label,"Bone, Joints & Muscles",Immune / Inflammation,Antioxidants,Capsule,Multiple,120,120,#N/A,
Vital Nutrients,VNBCQ240,BCQ 240ct,"Bone, Joints & Muscles",Immune / Inflammation,Antioxidants,Capsule,Multiple,240,240,BRH,
Vital Nutrients,VNBCQ240CA,BCQ 240ct - CA Label,"Bone, Joints & Muscles",Immune / Inflammation,Antioxidants,Capsule,Multiple,240,240,#N/A,
Vital Nutrients,VNBCQ60,BCQ 60ct,"Bone, Joints & Muscles",Immune / Inflammation,Antioxidants,Capsule,Multiple,60,60,BRH,
Vital Nutrients,VNBCQ60CA,BCQ 60ct - CA Label,"Bone, Joints & Muscles",Immune / Inflammation,Antioxidants,Capsule,Multiple,60,60,#N/A,
Vital Nutrients,VNBER,Berberine Sulfate 200mg,Cardiovascular Health,Metabolic,Herbs & Extracts,Capsule,Single,60,60,BRH,
Vital Nutrients,VNBER5,Berberine HCl 500mg,Cardiovascular Health,Metabolic,Herbs & Extracts,Capsule,Single,60,60,BRH,
Vital Nutrients,VNBET,Betaine HCl & Pepsin,Gastrointestinal Health,Digestive Health,Enzymes,Capsule,Multiple,225,225,BRH,
Vital Nutrients,VNBIO120,Biotin 5mg 120ct,Foundational Health & Wellness,Foundational Health,"Multivitamins, Vitamins & Minerals",Capsule,Single,120,120,BRH,
Vital Nutrients,VNBKCO,Black Cohosh 250mg,Women's Health,Women's Health,Herbs & Extracts,Capsule,Single,60,60,BRH,
Vital Nutrients,VNBO,Borage Oil Soft Gels 60ct,"Bone, Joints & Muscles",Immune / Inflammation,Fish Oils & Omegas,Soft Gel,Single,60,60,Softgel Technologies,
Vital Nutrients,VNBOS,Boswellia 400mg,"Bone, Joints & Muscles",Immune / Inflammation,Herbs & Extracts,Capsule,Single,90,90,BRH,
Vital Nutrients,VNBR,Bromelain 2400 GDU,Gastrointestinal Health,Digestive Health,Enzymes,Capsule,Single,60,60,BRH,
Vital Nutrients,VNBRA,Vital Brain,"Memory, Mood & Focus",Health Vitality & Lifestyle,Other,Powder,Multiple,150,150,BRH,
Vital Nutrients,VNBRAL,Vital Brain Lemon,"Memory, Mood & Focus",Health Vitality & Lifestyle,Other,Powder,Multiple,180,180,BRH,
Vital Nutrients,VNBSS,Blood Sugar Support 60ct,Metabolism & Healthy Weight,Metabolic,Herbs & Extracts,Capsule,Multiple,60,60,BRH,
Vital Nutrients,VNBSS2,Blood Sugar Support 120ct,Metabolism & Healthy Weight,Metabolic,Herbs & Extracts,Capsule,Multiple,120,120,BRH,
Vital Nutrients,VNBSS2CA,Blood Sugar Support 120ct - CA Label,Metabolism & Healthy Weight,Metabolic,Herbs & Extracts,Capsule,Multiple,120,120,#N/A,
Vital Nutrients,VNBSSCA,Blood Sugar Support 60ct - CA Label,Metabolism & Healthy Weight,Metabolic,Herbs & Extracts,Capsule,Multiple,60,60,#N/A,
Vital Nutrients,VNBX,B-Complex 60ct,Foundational Health & Wellness,Foundational Health,"Multivitamins, Vitamins & Minerals",Capsule,Multiple,60,60,BRH,
Vital Nutrients,VNBX120,B-Complex 120ct,Foundational Health & Wellness,Foundational Health,"Multivitamins, Vitamins & Minerals",Capsule,Multiple,120,120,BRH,
Vital Nutrients,VNBX240,B-Complex 240ct,Foundational Health & Wellness,Foundational Health,"Multivitamins, Vitamins & Minerals",Capsule,Multiple,240,240,BRH,
Vital Nutrients,VNBXB6,B6 & B-Complex 60ct,Foundational Health & Wellness,Foundational Health,"Multivitamins, Vitamins & Minerals",Capsule,Multiple,60,60,BRH,
Vital Nutrients,VNCA,Tension Ease,Stress Management,Central Nervous System,Herbs & Extracts,Capsule,Multiple,60,60,BRH,
Vital Nutrients,VNCAR,Carnitine 500mg,Metabolism & Healthy Weight,Metabolic,Amino Acids,Capsule,Single,60,60,BRH,
Vital Nutrients,VNCB30,Cortisol Balance 30ct,Energy,Central Nervous System,Herbs & Extracts,Capsule,Multiple,30,30,BRH,
Vital Nutrients,VNCB90,Cortisol Balance 90ct,Stress Management,Central Nervous System,Herbs & Extracts,Capsule,Multiple,90,90,BRH,
Vital Nutrients,VNCBUF,Buffered C,Foundational Health & Wellness,Foundational Health,"Multivitamins, Vitamins & Minerals",Capsule,Multiple,220,220,BRH,
Vital Nutrients,VNCCM,Calcium (Citrate-Malate),"Bone, Joints & Muscles",Foundational Health,"Multivitamins, Vitamins & Minerals",Capsule,Multiple,100,100,BRH,
Vital Nutrients,VNCEL,Cellulose Fiber,Gastrointestinal Health,Digestive Health,Probiotics/Prebiotics & Fiber,Powder,Single,375,375,BRH,
Vital Nutrients,VNCH,Chromium 200mcg,Metabolism & Healthy Weight,Metabolic,"Multivitamins, Vitamins & Minerals",Capsule,Single,90,90,BRH,
Vital Nutrients,VNCHO,Choline 550mg,"Memory, Mood & Focus",Health Vitality & Lifestyle,Other,Capsule,Single,120,120,BRH,
Vital Nutrients,VNCIT,Citicoline 60ct,"Memory, Mood & Focus",Health Vitality & Lifestyle,Other,Capsule,Single,60,60,BRH,
Vital Nutrients,VNCM2,Calcium 225mg & Magnesium 75mg,"Bone, Joints & Muscles",Foundational Health,"Multivitamins, Vitamins & Minerals",Capsule,Multiple,100,100,BRH,
Vital Nutrients,VNCO,Marine Collagen,"Bone, Joints & Muscles",Metabolic,Protein & Collagen,Powder,Single,300,300,ANS,
Vital Nutrients,VNCQ100,Coenzyme Q10 100mg,Cardiovascular Health,Metabolic,Antioxidants,Capsule,Single,60,60,BRH,
Vital Nutrients,VNCQ200,Coenzyme Q10 200mg,Cardiovascular Health,Metabolic,Antioxidants,Capsule,Single,60,60,BRH,
Vital Nutrients,VNCQ300,Coenzyme Q10 300mg,Cardiovascular Health,Metabolic,Antioxidants,Capsule,Single,30,30,BRH,
Vital Nutrients,VNCQU,Coenzyme Q10 Ubiquinol 100mg,Cardiovascular Health,Metabolic,Antioxidants,Soft Gel,Single,60,60,Softgel Technologies,
Vital Nutrients,VNCUR700,Curcumin Extract 700mg with Bioperine,"Bone, Joints & Muscles",Immune / Inflammation,Herbs & Extracts,Capsule,Single,60,60,BRH,
Vital Nutrients,VNCURPH,Phyto-Curcumin Plus Enzymes,"Bone, Joints & Muscles",Immune / Inflammation,Herbs & Extracts,Capsule,Multiple,60,60,BRH,
Vital Nutrients,VNDGL,DGL Powder,Gastrointestinal Health,Digestive Health,Herbs & Extracts,Powder,Single,120,120,BRH,
Vital Nutrients,VNDHEA10,DHEA 10mg,Hormonal Balance,Metabolic,Other,Capsule,Single,60,60,BRH,
Vital Nutrients,VNDHEA25,DHEA 25mg,Hormonal Balance,Metabolic,Other,Capsule,Single,60,60,BRH,
Vital Nutrients,VNDHEA50,DHEA 50mg,Hormonal Balance,Metabolic,Other,Capsule,Single,60,60,BRH,
Vital Nutrients,VNDHEA7,7-Keto DHEA,Metabolism & Healthy Weight,Metabolic,Other,Capsule,Single,60,60,BRH,
Vital Nutrients,VNDP,D-Pinitol,Metabolism & Healthy Weight,Metabolic,Other,Capsule,Multiple,60,60,BRH,
Vital Nutrients,VNDTX,Detox 60ct,Detox & Liver,Metabolic,Herbs & Extracts,Capsule,Multiple,60,60,BRH,
Vital Nutrients,VNDTX2,Detox 120ct,Detox & Liver,Metabolic,Herbs & Extracts,Capsule,Multiple,120,120,BRH,
Vital Nutrients,VNEB,Hormone Balance - with Bioperine,Hormonal Balance,Women's Health,Herbs & Extracts,Capsule,Multiple,120,120,BRH,
Vital Nutrients,VNEC,Echinacea Extract,Immune Health,Immune / Inflammation,Herbs & Extracts,Capsule,Single,60,60,BRH,
Vital Nutrients,VNEP2,Energy Plus 120ct,Energy,Health Vitality & Lifestyle,Amino Acids,Capsule,Multiple,120,120,BRH,
Vital Nutrients,VNEP2CA,Energy Plus 120ct - CA Label,Energy,Health Vitality & Lifestyle,Amino Acids,Capsule,Multiple,120,120,#N/A,
Vital Nutrients,VNEPO,Evening Primrose Oil 100ct,Women's Health,Immune / Inflammation,Fish Oils & Omegas,Soft Gel,Single,100,100,Softgel Technologies,
Vital Nutrients,VNEPO2,Evening Primrose Oil 250ct,Women's Health,Immune / Inflammation,Fish Oils & Omegas,Soft Gel,Single,250,250,Softgel Technologies,
Vital Nutrients,VNES,Vitamin E Succinate 100ct,Foundational Health & Wellness,Foundational Health,"Multivitamins, Vitamins & Minerals",Capsule,Single,100,100,BRH,
Vital Nutrients,VNFBL,Whole Fiber Fusion (Fiber Blend),Gastrointestinal Health,Digestive Health,Probiotics/Prebiotics & Fiber,Powder,Multiple,260,260,BRH,
Vital Nutrients,VNFLO,Flax Oil Softgels 100ct,Cardiovascular Health,Immune / Inflammation,Fish Oils & Omegas,Soft Gel,Single,100,100,Softgel Technologies,
Vital Nutrients,VNFO2,Ultra Pure Fish Oil 350 TG 200ct,Cardiovascular Health,Foundational Health,Fish Oils & Omegas,Soft Gel,Single,200,200,KD Pharma,
Vital Nutrients,VNFO430,Ultra Pure Fish Oil 800 EE 90ct,Cardiovascular Health,Foundational Health,Fish Oils & Omegas,Soft Gel,Single,90,90,KD Pharma,
Vital Nutrients,VNFODHA,Ultra Pure Fish Oil 675 TG 90ct,Foundational Health & Wellness,Foundational Health,Fish Oils & Omegas,Soft Gel,Single,90,90,KD Pharma,
Vital Nutrients,VNFOHP,Ultra Pure Fish Oil 700 TG 120ct,"Bone, Joints & Muscles",Foundational Health,Fish Oils & Omegas,Soft Gel,Single,120,120,United Pharma,
Vital Nutrients,VNFOHP60,Ultra Pure Fish Oil 700 TG 60ct,"Bone, Joints & Muscles",Foundational Health,Fish Oils & Omegas,Soft Gel,Single,60,60,United Pharma,
Vital Nutrients,VNFONLEC,Ultra Pure Fish Oil 700 Enteric TG 90ct LEMON,"Bone, Joints & Muscles",Foundational Health,Fish Oils & Omegas,Soft Gel,Single,90,90,KD Pharma,
Vital Nutrients,VNFOTG,Ultra Pure Fish Oil 800 TG 90ct,Cardiovascular Health,Foundational Health,Fish Oils & Omegas,Soft Gel,Single,90,90,KD Pharma,
Vital Nutrients,VNGIP,GI Repair Powder,Gastrointestinal Health,Digestive Health,Herbs & Extracts,Powder,Multiple,168,168,ANS,
Vital Nutrients,VNGIR,GI Repair Nutrients,Gastrointestinal Health,Digestive Health,Herbs & Extracts,Capsule,Multiple,120,120,Maker's Nutrition,
Vital Nutrients,VNGL8,Glutamine 850mg Capsules 100ct,Gastrointestinal Health,Digestive Health,Amino Acids,Capsule,Single,100,100,BRH,
Vital Nutrients,VNGLP,Glutamine Powder 8oz,Gastrointestinal Health,Digestive Health,Amino Acids,Powder,Single,225,225,BRH,
Vital Nutrients,VNGLP16,Glutamine Powder 16oz,Gastrointestinal Health,Digestive Health,Amino Acids,Powder,Single,450,450,BRH,
Vital Nutrients,VNGLPCOMPLETE60,GLP-1 Complete,Metabolism & Healthy Weight,Digestive Health,Probiotics/Prebiotics & Fiber,Capsule,Multiple,60,60,BRH,
Vital Nutrients,VNGLY,Glycine Powder,Detox & Liver,Metabolic,Amino Acids,Powder,Single,250,250,BRH,
Vital Nutrients,VNGR,Grape Seed Extract 100mg,Cardiovascular Health,Metabolic,Herbs & Extracts,Capsule,Single,90,90,BRH,
Vital Nutrients,VNGS750,Glucosamine Sulfate Vegan 750mg,"Bone, Joints & Muscles",Immune / Inflammation,Amino Acids,Capsule,Single,120,120,BRH,
Vital Nutrients,VNGSCH120,Glucosamine Chondroitin 120ct,"Bone, Joints & Muscles",Immune / Inflammation,Amino Acids,Capsule,Multiple,120,120,BRH,
Vital Nutrients,VNGT2,Green Tea Extract #120,Cardiovascular Health,Metabolic,Herbs & Extracts,Capsule,Single,120,120,BRH,
Vital Nutrients,VNGUG,Guggle E&Z,Cardiovascular Health,Metabolic,Herbs & Extracts,Capsule,Single,60,60,BRH,
Vital Nutrients,VNHAIR,Hair Complex for Women,,Health Vitality & Lifestyle,,Capsule,,,,,yes
Vital Nutrients,VNHB,Herbal Biotic 60ct,Immune Health,Immune / Inflammation,Herbs & Extracts,Capsule,Multiple,120,120,BRH,
Vital Nutrients,VNHB120,Herbal Biotic 120ct,Immune Health,Immune / Inflammation,Herbs & Extracts,Capsule,Multiple,120,120,BRH,
Vital Nutrients,VNHB120CA,Herbal Biotic 120ct - CA Label,Immune Health,Immune / Inflammation,Herbs & Extracts,Capsule,Multiple,120,120,#N/A,
Vital Nutrients,VNHBCA,Herbal Biotic 60ct - CA Label,Immune Health,Immune / Inflammation,Herbs & Extracts,Capsule,Multiple,120,120,BRH,
Vital Nutrients,VNHTX,Digest Ease,Gastrointestinal Health,Digestive Health,Herbs & Extracts,Capsule,Multiple,218,218,Maker's Nutrition,
Vital Nutrients,VNHY,Hypericum St Johns Wort 300mg,"Memory, Mood & Focus",Central Nervous System,Herbs & Extracts,Capsule,Single,90,90,BRH,
Vital Nutrients,VNIC,Iron Plus C,Foundational Health & Wellness,Foundational Health,"Multivitamins, Vitamins & Minerals",Capsule,Multiple,100,100,BRH,yes
Vital Nutrients,VNINP,Inositol Powder,Stress Management,Health Vitality & Lifestyle,Amino Acids,Powder,Single,225,225,BRH,
Vital Nutrients,VNIP,Ipriflavone 300mg,"Bone, Joints & Muscles",Metabolic,Herbs & Extracts,Capsule,Single,90,90,BRH,
Vital Nutrients,VNIS,Immune Support,Immune Health,Immune / Inflammation,Herbs & Extracts,Capsule,Multiple,60,60,BRH,
Vital Nutrients,VNISCA,Immune Support - CA Label,Immune Health,Immune / Inflammation,Herbs & Extracts,Capsule,Multiple,60,60,#N/A,
Vital Nutrients,VNLFO8,Ultra Pure Fish Oil 2600 Liquid,Cardiovascular Health,Foundational Health,Fish Oils & Omegas,Liquid,Single,8 oz,8,Iceland Direct,
Vital Nutrients,VNLFOCL,Ultra Pure Cod Liver Oil Liquid,Cardiovascular Health,Foundational Health,Fish Oils & Omegas,Liquid,Single,6.76 oz,6.76,KD Pharma,
Vital Nutrients,VNLFORS,Ultra Pure Fish Oil 1400 Liquid,"Bone, Joints & Muscles",Foundational Health,Fish Oils & Omegas,Liquid,Single,6.76 oz,6.76,KD Pharma,
Vital Nutrients,VNLI,Licorice Root Extract 400mg Capsule,Gastrointestinal Health,Digestive Health,Herbs & Extracts,Capsule,Single,90,90,BRH,
Vital Nutrients,VNLIV,Liver Support 60ct,Detox & Liver,Metabolic,Herbs & Extracts,Capsule,Multiple,60,60,BRH,
Vital Nutrients,VNLIV120,Liver Support 120ct,Detox & Liver,Metabolic,Herbs & Extracts,Capsule,Multiple,120,120,BRH,
Vital Nutrients,VNLIV2,Liver Support II 60ct,Detox & Liver,Metabolic,Herbs & Extracts,Capsule,Multiple,60,60,BRH,
Vital Nutrients,VNLTH20,Lithium 20mg 90ct,"Memory, Mood & Focus",Central Nervous System,"Multivitamins, Vitamins & Minerals",Capsule,Single,90,90,BRH,
Vital Nutrients,VNLTH5,Lithium 5mg,"Memory, Mood & Focus",Central Nervous System,"Multivitamins, Vitamins & Minerals",Capsule,Single,90,90,BRH,
Vital Nutrients,VNLY,Lysine 500mg,Immune Health,Immune / Inflammation,Amino Acids,Capsule,Single,100,100,BRH,
Vital Nutrients,VNM5,"Multi-Nutrients 5_without Iron, Copper & Boron (Immunomax)",Foundational Health & Wellness,Foundational Health,"Multivitamins, Vitamins & Minerals",Capsule,Multiple,120,120,BRH,
Vital Nutrients,VNMAN,Mannose Powder 50mg,Women's Health,Women's Health,Other,Powder,Single,50,50,BRH,
Vital Nutrients,VNMAN2,Mannose Powder 100mg,Women's Health,Women's Health,Other,Powder,Single,100,100,BRH,
Vital Nutrients,VNMC,Magnesium Citrate 150mg 100ct,Foundational Health & Wellness,Foundational Health,"Multivitamins, Vitamins & Minerals",Capsule,Single,100,100,BRH,
Vital Nutrients,VNMC200,Magnesium Citrate 150mg 200ct,Foundational Health & Wellness,Foundational Health,"Multivitamins, Vitamins & Minerals",Capsule,Single,200,200,BRH,
Vital Nutrients,VNME,Minimal & Essential,Foundational Health & Wellness,Foundational Health,"Multivitamins, Vitamins & Minerals",Capsule,Multiple,90,90,BRH,
Vital Nutrients,VNME10,Melatonin 10mg,Sleep Support,Central Nervous System,Antioxidants,Capsule,Single,60,60,BRH,
Vital Nutrients,VNME20,Melatonin 20mg,Immune Health,Immune / Inflammation,Antioxidants,Capsule,Single,60,60,BRH,
Vital Nutrients,VNME3,Melatonin 3mg,Sleep Support,Central Nervous System,Antioxidants,Capsule,Single,60,60,BRH,
Vital Nutrients,VNMEE,Minimal & Essential 180ct,Foundational Health & Wellness,Foundational Health,"Multivitamins, Vitamins & Minerals",Capsule,Multiple,180,180,BRH,
Vital Nutrients,VNMG,Magnesium Glycinate & Malate 120mg 100ct,Foundational Health & Wellness,Foundational Health,"Multivitamins, Vitamins & Minerals",Capsule,Multiple,100,100,BRH,
Vital Nutrients,VNMG200,Magnesium Glycinate & Malate 120mg 200ct,Foundational Health & Wellness,Foundational Health,"Multivitamins, Vitamins & Minerals",Capsule,Multiple,200,200,BRH,
Vital Nutrients,VNMI,Multi-Nutrients 1_with Iron & Iodine,Foundational Health & Wellness,Foundational Health,"Multivitamins, Vitamins & Minerals",Capsule,Multiple,180,180,BRH,yes
Vital Nutrients,VNMII,Multi-Nutrients 2_without Iron,Foundational Health & Wellness,Foundational Health,"Multivitamins, Vitamins & Minerals",Capsule,Multiple,180,180,BRH,
Vital Nutrients,VNMIII,Multi-Nutrients 3_without Iron & Copper,Foundational Health & Wellness,Foundational Health,"Multivitamins, Vitamins & Minerals",Capsule,Multiple,180,180,BRH,
Vital Nutrients,VNMIV,Multi-Nutrients 4_with Iron & Copper,Foundational Health & Wellness,Foundational Health,"Multivitamins, Vitamins & Minerals",Capsule,Multiple,180,180,BRH,yes
Vital Nutrients,VNMM,Multi-Minerals Citrate & Malate w/o Copper & Iron,Foundational Health & Wellness,Foundational Health,"Multivitamins, Vitamins & Minerals",Capsule,Multiple,120,120,BRH,
Vital Nutrients,VNMS2,Menopause Support,Women's Health,Women's Health,Herbs & Extracts,Capsule,Multiple,120,120,BRH,
Vital Nutrients,VNMS2CA,Menopause Support - CA Label,Women's Health,Women's Health,Herbs & Extracts,Capsule,Multiple,120,120,#N/A,
Vital Nutrients,VNMSM,Methylsulfonylmethane (MSM),"Bone, Joints & Muscles",Immune / Inflammation,Amino Acids,Capsule,Single,240,240,Albion Labs,
Vital Nutrients,VNMT,Milk Thistle 250mg,Detox & Liver,Metabolic,Herbs & Extracts,Capsule,Single,90,90,BRH,
Vital Nutrients,VNMV,Multi-Nutrients 1_without Iron & Iodine,Foundational Health & Wellness,Foundational Health,"Multivitamins, Vitamins & Minerals",Capsule,Multiple,180,180,BRH,
Vital Nutrients,VNNAC,N-Acetyl L-Cysteine 100ct,Immune Health,Immune / Inflammation,Amino Acids,Capsule,Single,100,100,BRH,
Vital Nutrients,VNNAC200,N-Acetyl L-Cysteine 200ct,Immune Health,Immune / Inflammation,Amino Acids,Capsule,Single,200,200,BRH,
Vital Nutrients,VNNIA,Niacin TR - XSTO,Cardiovascular Health,Foundational Health,"Multivitamins, Vitamins & Minerals",Tablet,Single,90,90,XSTO Solutions,
Vital Nutrients,VNON180,Osteo-Nutrients (with Vit K2-7),"Bone, Joints & Muscles",Metabolic,"Multivitamins, Vitamins & Minerals",Capsule,Multiple,180,180,BRH,
Vital Nutrients,VNONE30,Once Daily Multivitamin (One & Done) 30ct,Foundational Health & Wellness,Foundational Health,"Multivitamins, Vitamins & Minerals",Capsule,Multiple,30,30,BRH,
Vital Nutrients,VNONE60,Once Daily Multivitamin (One & Done) 60ct,Foundational Health & Wellness,Foundational Health,"Multivitamins, Vitamins & Minerals",Capsule,Multiple,60,60,BRH,
Vital Nutrients,VNONII,Osteo-Nutrients II (with Vit K2-7),"Bone, Joints & Muscles",Metabolic,"Multivitamins, Vitamins & Minerals",Capsule,Multiple,240,240,BRH,
Vital Nutrients,VNP5P,Pyridoxal 5-Phosphate,Foundational Health & Wellness,Foundational Health,"Multivitamins, Vitamins & Minerals",Capsule,Single,90,90,BRH,
Vital Nutrients,VNPE,Pancreatic Enzymes 90ct,Gastrointestinal Health,Digestive Health,Enzymes,Capsule,Single,90,90,BRH,
Vital Nutrients,VNPE180,Pancreatic Enzymes 180ct,Gastrointestinal Health,Digestive Health,Enzymes,Capsule,Single,180,180,BRH,
Vital Nutrients,VNPEA,ProVeg Pea Protein,Metabolism & Healthy Weight,Metabolic,Protein & Collagen,Powder,Single,524,524,BRH,
Vital Nutrients,VNPEACA,ProVeg Pea Protein - CA Label,Metabolism & Healthy Weight,Metabolic,Protein & Collagen,Powder,Single,524,524,#N/A,
Vital Nutrients,VNPEV,Vegan Pancreatic Enzymes 90ct,Gastrointestinal Health,Digestive Health,Enzymes,Capsule,Multiple,90,90,Deerland/ADM,
Vital Nutrients,VNPH,Prostate Health Tx,Men's Health,Health Vitality & Lifestyle,Antioxidants,Capsule,Multiple,90,90,BRH,
Vital Nutrients,VNPMS,PMS Support,Women's Health,Women's Health,Herbs & Extracts,Capsule,Multiple,60,60,BRH,
Vital Nutrients,VNPMSCA,PMS Support - CA Label,Women's Health,Women's Health,Herbs & Extracts,Capsule,Multiple,60,60,#N/A,
Vital Nutrients,VNPNM,Prenatal Multi-Nutrients,Women's Health,Women's Health,"Multivitamins, Vitamins & Minerals",Capsule,Multiple,180,180,BRH,yes
Vital Nutrients,VNPOB,Pancreatin & Ox Bile 60ct,Gastrointestinal Health,Digestive Health,Enzymes,Capsule,Multiple,60,60,BRH,
Vital Nutrients,VNPOB120,Pancreatin & Ox Bile 120ct,Gastrointestinal Health,Digestive Health,Enzymes,Capsule,Multiple,120,120,BRH,
Vital Nutrients,VNPRG,Pregnenolone,Hormonal Balance,Metabolic,Other,Capsule,Single,60,60,BRH,
Vital Nutrients,VNPS,Phosphatidylserine Softgels,"Memory, Mood & Focus",Health Vitality & Lifestyle,Other,Soft Gel,Single,60,60,Centian,
Vital Nutrients,VNQU,Quercetin 100ct,Immune Health,Immune / Inflammation,Herbs & Extracts,Capsule,Single,100,100,BRH,
Vital Nutrients,VNQU200,Quercetin 200ct,Immune Health,Immune / Inflammation,Herbs & Extracts,Capsule,Single,100,100,BRH,
Vital Nutrients,VNRES,Resveratrol 60ct,Cardiovascular Health,Health Vitality & Lifestyle,Herbs & Extracts,Capsule,Single,60,60,BRH,
Vital Nutrients,VNRES120,Resveratrol 120ct,Cardiovascular Health,Health Vitality & Lifestyle,Herbs & Extracts,Capsule,Single,120,120,BRH,
Vital Nutrients,VNRES120CA,Resveratrol 120ct - CA Label,Cardiovascular Health,Health Vitality & Lifestyle,Herbs & Extracts,Capsule,Single,120,120,BRH,
Vital Nutrients,VNRESCA,Resveratrol 60ct - CA Label,Cardiovascular Health,Health Vitality & Lifestyle,Herbs & Extracts,Capsule,Single,60,60,#N/A,
Vital Nutrients,VNRG2,Glutathione 200mg 100ct,Detox & Liver,Metabolic,Antioxidants,Capsule,Single,100,100,BRH,
Vital Nutrients,VNRHO,Rhodiola Extract 60ct,Energy,Central Nervous System,Herbs & Extracts,Capsule,Single,60,60,BRH,
Vital Nutrients,VNRHO2,Rhodiola Extract 120ct,Energy,Central Nervous System,Herbs & Extracts,Capsule,Single,120,120,BRH,
Vital Nutrients,VNRL,R-Lipoic Acid (Alpha Lipoic Acid) 100mg 60ct,Metabolism & Healthy Weight,Metabolic,Antioxidants,Capsule,Single,60,60,BRH,
Vital Nutrients,VNRS30,Sleep + Recover 30ct,Sleep Support,Central Nervous System,Herbs & Extracts,Capsule,Multiple,30,30,ANS,
Vital Nutrients,VNRS90,Sleep + Recover 90ct,Sleep Support,Central Nervous System,Herbs & Extracts,Capsule,Multiple,90,90,ANS,
Vital Nutrients,VNSA,Sleep Aide,Sleep Support,Central Nervous System,Herbs & Extracts,Capsule,Multiple,60,60,BRH,
Vital Nutrients,VNSC,Schisandra,Energy,Central Nervous System,Herbs & Extracts,Capsule,Single,90,90,BRH,
Vital Nutrients,VNSE,Selenium 200mcg,Foundational Health & Wellness,Foundational Health,"Multivitamins, Vitamins & Minerals",Capsule,Single,90,90,BRH,
Vital Nutrients,VNSLP,Slippery Elm Bark Powder,Gastrointestinal Health,Digestive Health,Herbs & Extracts,Powder,Single,175,175,BRH,
Vital Nutrients,VNSLPCA,Slippery Elm Bark Powder - CA Label,Gastrointestinal Health,Digestive Health,Herbs & Extracts,Powder,Single,175,175,#N/A,
Vital Nutrients,VNSO,Genistein 60ct -,"Bone, Joints & Muscles",Metabolic,Herbs & Extracts,Capsule,Single,60,60,ANS,
Vital Nutrients,VNSP,Saw Palmetto Pygeum Nettle 60ct,Men's Health,Health Vitality & Lifestyle,Herbs & Extracts,Capsule,Multiple,60,60,BRH,
Vital Nutrients,VNSP120,Saw Palmetto Pygeum Nettle 120ct,Men's Health,Health Vitality & Lifestyle,Herbs & Extracts,Capsule,Multiple,120,120,BRH,
Vital Nutrients,VNSTR,Strontium,"Bone, Joints & Muscles",Foundational Health,"Multivitamins, Vitamins & Minerals",Capsule,Single,90,90,BRH,
Vital Nutrients,VNTAU1,Taurine,Cardiovascular Health,Metabolic,Amino Acids,Capsule,Single,120,120,BRH,
Vital Nutrients,VNTB,Tyrosine & B-Vitamins,Energy,Health Vitality & Lifestyle,Amino Acids,Capsule,Multiple,100,100,BRH,
Vital Nutrients,VNTHEA,L-Theanine 200mg 60ct,Stress Management,Central Nervous System,Amino Acids,Capsule,Single,60,60,BRH,
Vital Nutrients,VNTHEA120,L-Theanine 200mg 120ct,Stress Management,Central Nervous System,Amino Acids,Capsule,Single,120,120,BRH,
Vital Nutrients,VNTM,Triple Mag 90ct,Foundational Health & Wellness,Foundational Health,"Multivitamins, Vitamins & Minerals",Capsule,Multiple,90,90,BRH,
Vital Nutrients,VNTM180,Triple Mag 180ct,Foundational Health & Wellness,Foundational Health,"Multivitamins, Vitamins & Minerals",Capsule,Multiple,180,180,BRH,
Vital Nutrients,VNVA1060,Vitamin A 3000mcg RAE Soft Gels 60ct,Immune Health,Foundational Health,"Multivitamins, Vitamins & Minerals",Soft Gel,Single,60,60,Softgel Technologies,
Vital Nutrients,VNVA25,Vitamin A 7500mcg RAE Soft Gels 100ct,Immune Health,Foundational Health,"Multivitamins, Vitamins & Minerals",Soft Gel,Single,100,100,Softgel Technologies,
Vital Nutrients,VNVB12F,B12 & Methylfolate 100ct,Foundational Health & Wellness,Foundational Health,"Multivitamins, Vitamins & Minerals",Capsule,Multiple,100,100,BRH,
Vital Nutrients,VNVB12F200,B12 & Methylfolate 200ct,Foundational Health & Wellness,Foundational Health,"Multivitamins, Vitamins & Minerals",Capsule,Multiple,200,200,BRH,
Vital Nutrients,VNVB12M,Vitamin B12 1000mcg,Foundational Health & Wellness,Foundational Health,"Multivitamins, Vitamins & Minerals",Capsule,Single,100,100,BRH,
Vital Nutrients,VNVB6100,Vitamin B6 100mg,Foundational Health & Wellness,Foundational Health,"Multivitamins, Vitamins & Minerals",Capsule,Single,100,100,BRH,
Vital Nutrients,VNVC120V,Vitamin C 1000mg 120ct,Foundational Health & Wellness,Foundational Health,"Multivitamins, Vitamins & Minerals",Capsule,Multiple,120,120,BRH,
Vital Nutrients,VNVC220V,Vitamin C 1000mg 220ct,Foundational Health & Wellness,Foundational Health,"Multivitamins, Vitamins & Minerals",Capsule,Multiple,220,220,BRH,
Vital Nutrients,VNVCBIO,Vitamin C 250mg + Bioflavonoids 100ct,Immune Health,Immune / Inflammation,"Multivitamins, Vitamins & Minerals",Capsule,Multiple,100,100,BRH,
Vital Nutrients,VNVCBIO2,Vitamin C 250mg + Bioflavonoids 220ct,Immune Health,Immune / Inflammation,"Multivitamins, Vitamins & Minerals",Capsule,Multiple,220,220,BRH,
Vital Nutrients,VNVD10,Vitamin D3 10000IU 60ct,Immune Health,Foundational Health,"Multivitamins, Vitamins & Minerals",Capsule,Single,60,60,BRH,
Vital Nutrients,VNVD2,Vitamin D3 2000IU 90ct,Foundational Health & Wellness,Foundational Health,"Multivitamins, Vitamins & Minerals",Capsule,Single,90,90,BRH,
Vital Nutrients,VNVD5,Vitamin D3 5000IU 90ct,Immune Health,Foundational Health,"Multivitamins, Vitamins & Minerals",Capsule,Single,90,90,BRH,
Vital Nutrients,VNVD5180,Vitamin D3 5000IU 180ct,Immune Health,Foundational Health,"Multivitamins, Vitamins & Minerals",Capsule,Single,180,180,BRH,
Vital Nutrients,VNVEMIX,Vitamin E Mixed 400IU,Foundational Health & Wellness,Foundational Health,"Multivitamins, Vitamins & Minerals",Soft Gel,Single,100,100,Softgel Technologies,
Vital Nutrients,VNVK2,Vitamin K2-7 180mcg 60ct,Cardiovascular Health,Metabolic,"Multivitamins, Vitamins & Minerals",Capsule,Single,60,60,BRH,
Vital Nutrients,VNVK2D,Vitamin K2-7 150mcg + VIt D3 60ct,Cardiovascular Health,Metabolic,"Multivitamins, Vitamins & Minerals",Capsule,Multiple,60,60,BRH,
Vital Nutrients,VNVK2D120,Vitamin K2-7 150mcg + VIt D3 120ct,Cardiovascular Health,Metabolic,"Multivitamins, Vitamins & Minerals",Capsule,Multiple,120,120,BRH,
Vital Nutrients,VNVO,Vegan Omega SPM,Cardiovascular Health,Immune / Inflammation,Fish Oils & Omegas,Soft Gel,Single,90,90,Anderson,
Vital Nutrients,VNVRC,Viracon 60ct,Immune Health,Immune / Inflammation,Herbs & Extracts,Capsule,Multiple,60,60,BRH,
Vital Nutrients,VNVRC120,Viracon 120ct,Immune Health,Immune / Inflammation,Herbs & Extracts,Capsule,Multiple,120,120,BRH,
Vital Nutrients,VNVRC120CA,Viracon 120ct - CA Label,Immune Health,Immune / Inflammation,Herbs & Extracts,Capsule,Multiple,120,120,#N/A,
Vital Nutrients,VNVRCCA,Viracon 60ct - CA Label,Immune Health,Immune / Inflammation,Herbs & Extracts,Capsule,Multiple,60,60,#N/A,
Vital Nutrients,VNVTX,Vitex 750 Chaste Tree Berry,Women's Health,Women's Health,Herbs & Extracts,Capsule,Single,120,120,BRH,
Vital Nutrients,VNWP5,ProWhey 500mg (plain),Metabolism & Healthy Weight,Metabolic,Protein & Collagen,Powder,Single,500,500,ANS,
Vital Nutrients,VNZI,Zinc Citrate 30mg 90ct,Immune Health,Foundational Health,"Multivitamins, Vitamins & Minerals",Capsule,Single,90,90,BRH,
Vital Nutrients,VNZI180,Zinc (Citrate) 30mg #180,Immune Health,Foundational Health,"Multivitamins, Vitamins & Minerals",Capsule,Single,180,180,BRH,