Brand,SKU,Product Name,Free From Gluten (Wheat/Rye/Barley),Free From Milk (Casein),Free From Dairy (Whey),Free From Soy,Free From Egg Protein,Free From Corn,Free From Peanuts,Free From Tree Nuts,Free From Shellfish,Free From Sesame,"Free From 
 Fish",NOTES
Vital,VN5HTP,5-HTP 50mg,Y,Y,Y,Y,Y,Y,Y,Y,Y,Y,Y,
Vital,VN5HTP2,5-HTP 100mg,Y,Y,Y,Y,Y,Y,Y,Y,Y,Y,Y,
Vital,VNADR,Adrenal Support 60ct,Y,Y,Y,Y,Y,Y,Y,Y,Y,Y,Y,
Vital,VNADR2,Adrenal Support 120ct,Y,Y,Y,Y,Y,Y,Y,Y,Y,Y,Y,
Vital,VNADR240,Adrenal Support 240ct,Y,Y,Y,Y,Y,Y,Y,Y,Y,Y,Y,
Vital,VNAG,American Ginseng Extract,Y,Y,Y,Y,Y,Y,Y,Y,Y,Y,Y,
Vital,VNAGCA,American Ginseng Extract - CA LABEL,Y,Y,Y,Y,Y,Y,Y,Y,Y,Y,Y,
Vital,VNAL3,Lipoic Acid 300mg,Y,Y,Y,Y,Y,Y,Y,Y,Y,Y,Y,
Vital,VNALC,Acetyl L-Carnitine 500mg Caps,Y,Y,Y,Y,Y,Y,Y,Y,Y,Y,Y,
Vital,VNALCP,Acetyl L-Carnitine Powder,Y,Y,Y,Y,Y,Y,Y,Y,Y,Y,Y,
Vital,VNALL,Aller-C 100ct,Y,Y,Y,Y,Y,Y,Y,Y,Y,Y,Y,
Vital,VNALL2,Aller-C 200ct,Y,Y,Y,Y,Y,Y,Y,Y,Y,Y,Y,
Vital,VNALL2CA,Aller-C #200 - CA Label,Y,Y,Y,Y,Y,Y,Y,Y,Y,Y,Y,
Vital,VNALLCA,Aller-C #100 - CA Label,Y,Y,Y,Y,Y,Y,Y,Y,Y,Y,Y,
Vital,VNARA,Arabinogalactan Powder,Y,Y,Y,Y,Y,Y,Y,Y,Y,Y,Y,
Vital,VNAS,Astragalus Root,Y,Y,Y,Y,Y,Y,Y,Y,Y,Y,Y,
Vital,VNBC,Beta Carotene 90ct,Y,Y,Y,N,Y,Y,Y,Y,Y,Y,Y,
Vital,VNBCQ120,BCQ 120ct,Y,Y,Y,Y,Y,Y,Y,Y,Y,Y,Y,
Vital,VNBCQ120CA,BCQ 120ct - CA Label,Y,Y,Y,Y,Y,Y,Y,Y,Y,Y,Y,
Vital,VNBCQ240,BCQ 240ct,Y,Y,Y,Y,Y,Y,Y,Y,Y,Y,Y,
Vital,VNBCQ240CA,BCQ 240ct - CA Label,Y,Y,Y,Y,Y,Y,Y,Y,Y,Y,Y,
Vital,VNBCQ60,BCQ 60ct,Y,Y,Y,Y,Y,Y,Y,Y,Y,Y,Y,
Vital,VNBCQ60CA,BCQ 60ct - CA Label,Y,Y,Y,Y,Y,Y,Y,Y,Y,Y,Y,
Vital,VNBER,Berberine Sulfate 200mg,Y,Y,Y,Y,Y,Y,Y,Y,Y,Y,Y,
Vital,VNBER5,Berberine HCl 500mg,Y,Y,Y,Y,Y,Y,Y,Y,Y,Y,Y,
Vital,VNBET,Betaine HCl & Pepsin,Y,Y,Y,Y,Y,Y,Y,Y,Y,Y,Y,
Vital,VNMG,Magnesium Glycinate & Malate 120mg 100ct,Y,Y,Y,Y,Y,Y,Y,Y,Y,Y,Y,
Vital,VNBIO120,Biotin 5mg 120ct,Y,Y,Y,Y,Y,Y,Y,Y,Y,Y,Y,
Vital,VNBKCO,Black Cohosh 250mg,Y,Y,Y,Y,Y,Y,Y,Y,Y,Y,Y,
Vital,VNBO,Borage Oil Soft Gels 60ct,Y,Y,Y,Y,Y,Y,Y,Y,Y,Y,Y,
Vital,VNBOS,Boswellia 400mg,Y,Y,Y,Y,Y,Y,Y,Y,Y,Y,Y,
Vital,VNBR,Bromelain 2400 GDU,Y,Y,Y,Y,Y,Y,Y,Y,Y,Y,Y,
Vital,VNBRA,Vital Brain,Y,Y,Y,Y,Y,Y,Y,Y,Y,Y,Y,
Vital,VNBRAL,Vital Brain Lemon,Y,Y,Y,Y,Y,Y,Y,Y,Y,Y,Y,
Vital,VNBSS,Blood Sugar Support 60ct,Y,Y,Y,Y,Y,Y,Y,Y,Y,Y,Y,
Vital,VNBSS2,Blood Sugar Support 120ct,Y,Y,Y,Y,Y,Y,Y,Y,Y,Y,Y,
Vital,VNBSS2CA,Blood Sugar Support 120ct - CA Label,Y,Y,Y,Y,Y,Y,Y,Y,Y,Y,Y,
Vital,VNBSSCA,Blood Sugar Support 60ct - CA Label,Y,Y,Y,Y,Y,Y,Y,Y,Y,Y,Y,
Vital,VNBX,B-Complex 60ct,Y,Y,Y,Y,Y,Y,Y,Y,Y,Y,Y,
Vital,VNBX120,B-Complex 120ct,Y,Y,Y,Y,Y,Y,Y,Y,Y,Y,Y,
Vital,VNBX240,B-Complex 240ct,Y,Y,Y,Y,Y,Y,Y,Y,Y,Y,Y,
Vital,VNBXB6,B6 & B-Complex 60ct,Y,Y,Y,Y,Y,Y,Y,Y,Y,Y,Y,
Vital,VNCA,Tension Ease,Y,Y,Y,Y,Y,Y,Y,Y,Y,Y,Y,
Vital,VNCAR,Carnitine 500mg,Y,Y,Y,Y,Y,Y,Y,Y,Y,Y,Y,
Vital,VNCB30,Cortisol Balance 30ct,Y,Y,Y,Y,Y,Y,Y,Y,Y,Y,Y,
Vital,VNCB90,Cortisol Balance 90ct,Y,Y,Y,Y,Y,Y,Y,Y,Y,Y,Y,
Vital,VNCBUF,Buffered C,Y,Y,Y,Y,Y,Y,Y,Y,Y,Y,Y,
Vital,VNCCM,Calcium (Citrate-Malate),Y,Y,Y,Y,Y,Y,Y,Y,Y,Y,Y,
Vital,VNCEL,Cellulose Fiber,Y,Y,Y,Y,Y,Y,Y,Y,Y,Y,Y,
Vital,VNCH,Chromium 200mcg,Y,Y,Y,Y,Y,Y,Y,Y,Y,Y,Y,
Vital,VNCHO,Choline 550mg,Y,Y,Y,Y,Y,Y,Y,Y,Y,Y,Y,
Vital,VNCIT,Citicoline 60ct,Y,Y,Y,Y,Y,Y,Y,Y,Y,Y,Y,
Vital,VNCM2,Calcium 225mg & Magnesium 75mg,Y,Y,Y,Y,Y,Y,Y,Y,Y,Y,Y,
Vital,VNCO,Marine Collagen,Y,Y,Y,Y,Y,Y,Y,Y,Y,Y,N,
Vital,VNCQ100,Coenzyme Q10 100mg,Y,Y,Y,Y,Y,Y,Y,Y,Y,Y,Y,
Vital,VNCQ200,Coenzyme Q10 200mg,Y,Y,Y,Y,Y,Y,Y,Y,Y,Y,Y,
Vital,VNCQ300,Coenzyme Q10 300mg,Y,Y,Y,Y,Y,Y,Y,Y,Y,Y,Y,
Vital,VNCQU,Coenzyme Q10 Ubiquinol 100mg,Y,Y,Y,N,Y,N,Y,Y,Y,Y,Y,
Vital,VNCUR700,Curcumin Extract 700mg with Bioperine,Y,Y,Y,Y,Y,Y,Y,Y,Y,Y,Y,
Vital,VNCURPH,Phyto-Curcumin Plus Enzymes,Y,Y,Y,Y,Y,Y,Y,Y,Y,Y,Y,
Vital,VNDGL,DGL Powder,Y,Y,Y,Y,Y,Y,Y,Y,Y,Y,Y,
Vital,VNDHEA10,DHEA 10mg,Y,Y,Y,Y,Y,Y,Y,Y,Y,Y,Y,
Vital,VNDHEA25,DHEA 25mg,Y,Y,Y,Y,Y,Y,Y,Y,Y,Y,Y,
Vital,VNDHEA50,DHEA 50mg,Y,Y,Y,Y,Y,Y,Y,Y,Y,Y,Y,
Vital,VNDHEA7,7-Keto DHEA,Y,Y,Y,Y,Y,Y,Y,Y,Y,Y,Y,
Vital,VNDP,D-Pinitol,Y,Y,Y,Y,Y,Y,Y,Y,Y,Y,Y,
Vital,VNDTX,Detox 60ct,Y,Y,Y,Y,Y,Y,Y,Y,Y,Y,Y,
Vital,VNDTX2,Detox 120ct,Y,Y,Y,Y,Y,Y,Y,Y,Y,Y,Y,
Vital,VNEB,Hormone Balance - with Bioperine,Y,Y,Y,Y,Y,Y,Y,Y,Y,Y,Y,
Vital,VNEC,Echinacea Extract,Y,Y,Y,Y,Y,Y,Y,Y,Y,Y,Y,
Vital,VNEP2,Energy Plus 120ct,Y,Y,Y,Y,Y,Y,Y,Y,Y,Y,Y,
Vital,VNEP2CA,Energy Plus 120ct - CA Label,Y,Y,Y,Y,Y,Y,Y,Y,Y,Y,Y,
Vital,VNEPO,Evening Primrose Oil 100ct,Y,Y,Y,Y,Y,Y,Y,Y,Y,Y,Y,
Vital,VNEPO2,Evening Primrose Oil 250ct,Y,Y,Y,Y,Y,Y,Y,Y,Y,Y,Y,
Vital,VNES,Vitamin E Succinate 100ct,,,,,,,,,,Y,Y,
Vital,VNFBL,Whole Fiber Fusion (Fiber Blend),Y,Y,Y,Y,Y,Y,Y,Y,Y,Y,Y,
Vital,VNFLO,Flax Oil Softgels 100ct,Y,Y,Y,Y,Y,Y,Y,Y,Y,Y,Y,
Vital,VNFO2,Ultra Pure Fish Oil 350 TG 200ct,Y,Y,Y,Y,Y,Y,Y,Y,Y,Y,N,
Vital,VNFO430,Ultra Pure Fish Oil 800 EE 90ct,Y,Y,Y,Y,Y,Y,Y,Y,Y,Y,N,"Contains Fish: Anchovy, Sardines, Mackarel"
Vital,VNFODHA,Ultra Pure Fish Oil 675 TG 90ct,Y,Y,Y,Y,Y,Y,Y,Y,Y,Y,N,Contains Fish: Tuna
Vital,VNFOHP,Ultra Pure Fish Oil 700 TG 120ct,Y,Y,Y,Y,Y,Y,Y,Y,Y,Y,N,"Contains Fish: Anchovy, Sardines, Mackarel"
Vital,VNFOHP60,Ultra Pure Fish Oil 700 TG 60ct,Y,Y,Y,Y,Y,Y,Y,Y,Y,Y,N,"Contains Fish: Anchovy, Sardines, Mackarel"
Vital,VNFONLEC,Ultra Pure Fish Oil 700 Enteric TG 90ct LEMON,Y,Y,Y,Y,Y,Y,Y,Y,Y,Y,N,"Contains Fish: Anchovy, Sardines, Mackarel"
Vital,VNFOTG,Ultra Pure Fish Oil 800 TG 90ct,Y,Y,Y,Y,Y,Y,Y,Y,Y,Y,N,"Contains Fish; Anchovy, Sardines"
Vital,VNGIP,GI Repair Powder,Y,N,Y,Y,Y,Y,Y,Y,N,Y,Y,
Vital,VNGIR,GI Repair Nutrients (allergen-free) Insourcing,Y,Y,Y,Y,Y,Y,Y,Y,Y,Y,Y,
Vital,VNGL8,Glutamine 850mg Capsules 100ct,Y,Y,Y,Y,Y,Y,Y,Y,Y,Y,Y,
Vital,VNGLP,Glutamine Powder 8oz,Y,Y,Y,Y,Y,Y,Y,Y,Y,Y,Y,
Vital,VNGLP16,Glutamine Powder 16oz,Y,Y,Y,Y,Y,Y,Y,Y,Y,Y,Y,
Vital,VNGLPCOMPLETE60,GLP-1 Complete,Y,Y,Y,Y,Y,Y,Y,Y,Y,Y,Y,
Vital,VNGLY,Glycine Powder,Y,Y,Y,Y,Y,Y,Y,Y,Y,Y,Y,
Vital,VNGR,Grape Seed Extract 100mg,Y,Y,Y,Y,Y,Y,Y,Y,Y,Y,Y,
Vital,VNGS750,Glucosamine Sulfate Vegan 750mg,Y,Y,Y,Y,Y,Y,Y,Y,Y,Y,Y,
Vital,VNGSCH120,Glucosamine Chondroitin 120ct,Y,Y,Y,Y,Y,Y,Y,Y,Y,Y,Y,
Vital,VNGT2,Green Tea Extract #120,Y,Y,Y,Y,Y,Y,Y,Y,Y,Y,Y,
Vital,VNGUG,Guggle E&Z,Y,Y,Y,Y,Y,Y,Y,Y,Y,Y,Y,
Vital,VNHB,Herbal Biotic 60ct,Y,Y,Y,Y,Y,Y,Y,Y,Y,Y,Y,
Vital,VNHB120,Herbal Biotic 120ct,Y,Y,Y,Y,Y,Y,Y,Y,Y,Y,Y,
Vital,VNHB120CA,Herbal Biotic 120ct - CA Label,Y,Y,Y,Y,Y,Y,Y,Y,Y,Y,Y,
Vital,VNHBCA,Herbal Biotic 60ct - CA Label,Y,Y,Y,Y,Y,Y,Y,Y,Y,Y,Y,
Vital,VNHTX,Digest Ease,Y,Y,Y,Y,Y,Y,Y,Y,Y,Y,Y,
Vital,VNHY,Hypericum St Johns Wort 300mg,Y,Y,Y,Y,Y,Y,Y,Y,Y,Y,Y,
Vital,VNIC,Iron Plus C,Y,Y,Y,Y,Y,Y,Y,Y,Y,Y,Y,
Vital,VNINP,Inositol Powder,Y,Y,Y,Y,Y,Y,Y,Y,Y,Y,Y,
Vital,VNIP,Ipriflavone 300mg,Y,Y,Y,Y,Y,Y,Y,Y,Y,Y,Y,
Vital,VNIS,Immune Support,Y,Y,Y,Y,Y,Y,Y,Y,Y,Y,Y,
Vital,VNISCA,Immune Support - CA Label,Y,Y,Y,Y,Y,Y,Y,Y,Y,Y,Y,
Vital,VNLFO8,Ultra Pure Fish Oil 2600 Liquid,Y,Y,Y,Y,Y,Y,Y,Y,Y,Y,N,"Contains Fish: Anchovy, Sardines, Mackarel"
Vital,VNLFOCL,Ultra Pure Cod Liver Oil Liquid,Y,Y,Y,Y,Y,Y,Y,Y,Y,Y,N,Contains Fish: cod
Vital,VNLFORS,Ultra Pure Fish Oil 1400 Liquid,Y,Y,Y,Y,Y,Y,Y,Y,Y,Y,N,"Contains Fish: Anchovy, Sardines, Mackarel"
Vital,VNLI,Licorice Root Extract 400mg Capsule,Y,Y,Y,Y,Y,Y,Y,Y,Y,Y,Y,
Vital,VNLIV,Liver Support 60ct,Y,Y,Y,Y,Y,Y,Y,Y,Y,Y,Y,
Vital,VNLIV120,Liver Support 120ct,Y,Y,Y,Y,Y,Y,Y,Y,Y,Y,Y,
Vital,VNLIV2,Liver Support II 60ct,Y,Y,Y,Y,Y,Y,Y,Y,Y,Y,Y,
Vital,VNLTH20,Lithium 20mg 90ct,Y,Y,Y,Y,Y,Y,Y,Y,Y,Y,Y,
Vital,VNLTH5,Lithium 5mg,Y,Y,Y,Y,Y,Y,Y,Y,Y,Y,Y,
Vital,VNLY,Lysine 500mg,Y,Y,Y,Y,Y,Y,Y,Y,Y,Y,Y,
Vital,VNM5,"Multi-Nutrients 5_without Iron, Copper & Boron (Immunomax)",Y,Y,Y,Y,Y,Y,Y,Y,Y,Y,Y,
Vital,VNMAN,Mannose Powder 50mg,Y,Y,Y,Y,Y,Y,Y,Y,Y,Y,Y,
Vital,VNMAN2,Mannose Powder 100mg,Y,Y,Y,Y,Y,Y,Y,Y,Y,Y,Y,
Vital,VNMC,Magnesium Citrate 150mg 100ct,Y,Y,Y,Y,Y,Y,Y,Y,Y,Y,Y,
Vital,VNMC200,Magnesium Citrate 150mg 200ct,Y,Y,Y,Y,Y,Y,Y,Y,Y,Y,Y,
Vital,VNME,Minimal & Essential,Y,Y,Y,Y,Y,Y,Y,Y,Y,Y,Y,
Vital,VNME10,Melatonin 10mg,Y,Y,Y,Y,Y,Y,Y,Y,Y,Y,Y,
Vital,VNME20,Melatonin 20mg,Y,Y,Y,Y,Y,Y,Y,Y,Y,Y,Y,
Vital,VNME3,Melatonin 3mg,Y,Y,Y,Y,Y,Y,Y,Y,Y,Y,Y,
Vital,VNMEE,Mineral Essential 180ct,Y,Y,Y,Y,Y,Y,Y,Y,Y,Y,Y,
Vital,VNMG200,Magnesium Glycinate & Malate 120mg 200ct,Y,Y,Y,Y,Y,Y,Y,Y,Y,Y,Y,
Vital,VNMI,Multi-Nutrients 1_with Iron & Iodine,Y,Y,Y,Y,Y,Y,Y,Y,Y,Y,Y,
Vital,VNMII,Multi-Nutrients 2_without Iron,Y,Y,Y,Y,Y,Y,Y,Y,Y,Y,Y,
Vital,VNMIII,Multi-Nutrients 3_without Iron & Copper,Y,Y,Y,Y,Y,Y,Y,Y,Y,Y,Y,
Vital,VNMIV,Multi-Nutrients 4_with Iron & Copper,Y,Y,Y,Y,Y,Y,Y,Y,Y,Y,Y,
Vital,VNMM,Multi-Minerals Citrate & Malate w/o Copper & Iron,Y,Y,Y,Y,Y,Y,Y,Y,Y,Y,Y,
Vital,VNMS2,Menopause Support,Y,Y,Y,Y,Y,Y,Y,Y,Y,Y,Y,
Vital,VNMS2CA,Menopause Support - CA Label,Y,Y,Y,Y,Y,Y,Y,Y,Y,Y,Y,
Vital,VNMSM,Methylsulfonylmethane (MSM),Y,Y,Y,Y,Y,Y,Y,Y,Y,Y,Y,
Vital,VNMT,Milk Thistle 250mg,Y,Y,Y,Y,Y,Y,Y,Y,Y,Y,Y,
Vital,VNMV,Multi-Nutrients 1_without Iron & Iodine,Y,Y,Y,Y,Y,Y,Y,Y,Y,Y,Y,
Vital,VNNAC,N-Acetyl L-Cysteine 100ct,Y,Y,Y,Y,Y,Y,Y,Y,Y,Y,Y,
Vital,VNNAC200,N-Acetyl L-Cysteine 200ct,Y,Y,Y,Y,Y,Y,Y,Y,Y,Y,Y,
Vital,VNNIA,Niacin TR - XSTO,Y,Y,Y,Y,Y,Y,Y,Y,Y,Y,Y,
Vital,VNON180,Osteo-Nutrients (with Vit K2-7),Y,Y,Y,Y,Y,Y,Y,Y,Y,Y,Y,
Vital,VNONE30,Once Daily Multivitamin (One & Done) 30ct,Y,Y,Y,Y,Y,Y,Y,Y,Y,Y,Y,
Vital,VNONE60,Once Daily Multivitamin (One & Done) 60ct,Y,Y,Y,Y,Y,Y,Y,Y,Y,Y,Y,
Vital,VNONII,Osteo-Nutrients II (with Vit K2-7),Y,Y,Y,Y,Y,Y,Y,Y,Y,Y,Y,
Vital,VNP5P,Pyridoxal 5-Phosphate,Y,Y,Y,Y,Y,Y,Y,Y,Y,Y,Y,
Vital,VNPE,Pancreatic Enzymes 90ct,Y,Y,Y,Y,Y,Y,Y,Y,Y,Y,Y,
Vital,VNPE180,Pancreatic Enzymes 180ct,Y,Y,Y,Y,Y,Y,Y,Y,Y,Y,Y,
Vital,VNPEA,ProVeg Pea Protein,Y,Y,Y,Y,Y,Y,Y,Y,Y,Y,Y,
Vital,VNPEACA,ProVeg Pea Protein - CA Label,Y,Y,Y,Y,Y,Y,Y,Y,Y,Y,Y,
Vital,VNPEV,Vegan Pancreatic Enzymes 90ct,N,Y,Y,N,Y,Y,Y,Y,Y,Y,Y,
Vital,VNPH,Prostate Health Tx,Y,Y,Y,Y,Y,Y,Y,Y,Y,Y,Y,
Vital,VNPMS,PMS Support,Y,Y,Y,Y,Y,Y,Y,Y,Y,Y,Y,
Vital,VNPMSCA,PMS Support - CA Label,Y,Y,Y,Y,Y,Y,Y,Y,Y,Y,Y,
Vital,VNPNM,Prenatal Multi-Nutrients,Y,Y,Y,Y,Y,Y,Y,Y,Y,Y,Y,
Vital,VNPOB,Pancreatin & Ox Bile 60ct,Y,Y,Y,Y,Y,Y,Y,Y,Y,Y,Y,
Vital,VNPOB120,Pancreatin & Ox Bile 120ct,Y,Y,Y,Y,Y,Y,Y,Y,Y,Y,Y,
Vital,VNPRG,Pregnenolone,Y,Y,Y,Y,Y,Y,Y,Y,Y,Y,Y,
Vital,VNPS,Phosphatidylserine Softgels,Y,Y,Y,Y,Y,Y,Y,Y,Y,Y,Y,
Vital,VNQU,Quercetin 100ct,Y,Y,Y,Y,Y,Y,Y,Y,Y,Y,Y,
Vital,VNQU200,Quercetin 200ct,Y,Y,Y,Y,Y,Y,Y,Y,Y,Y,Y,
Vital,VNRES,Resveratrol 60ct,Y,Y,Y,Y,Y,Y,Y,Y,Y,Y,Y,
Vital,VNRES120,Resveratrol 120ct,Y,Y,Y,Y,Y,Y,Y,Y,Y,Y,Y,
Vital,VNRES120CA,Resveratrol 120ct - CA Label,Y,Y,Y,Y,Y,Y,Y,Y,Y,Y,Y,
Vital,VNRESCA,Resveratrol 60ct - CA Label,Y,Y,Y,Y,Y,Y,Y,Y,Y,Y,Y,
Vital,VNRG2,Glutathione 200mg 100ct,Y,Y,Y,Y,Y,Y,Y,Y,Y,Y,Y,
Vital,VNRHO,Rhodiola Extract 60ct,Y,Y,Y,Y,Y,Y,Y,Y,Y,Y,Y,
Vital,VNRHO2,Rhodiola Extract 120ct,Y,Y,Y,Y,Y,Y,Y,Y,Y,Y,Y,
Vital,VNRL,R-Lipoic Acid (Alpha Lipoic Acid) 100mg 60ct,Y,Y,Y,Y,Y,Y,Y,Y,Y,Y,Y,
Vital,VNRS30,Sleep + Recover 30ct,Y,Y,Y,Y,Y,Y,Y,Y,Y,Y,Y,
Vital,VNRS90,Sleep + Recover 90ct,Y,Y,Y,Y,Y,Y,Y,Y,Y,Y,Y,
Vital,VNSA,Sleep Aide,Y,Y,Y,Y,Y,Y,Y,Y,Y,Y,Y,
Vital,VNSC,Schisandra,Y,Y,Y,Y,Y,Y,Y,Y,Y,Y,Y,
Vital,VNSE,Selenium 200mcg,Y,Y,Y,Y,Y,Y,Y,Y,Y,Y,Y,
Vital,VNSLP,Slippery Elm Bark Powder,Y,Y,Y,Y,Y,Y,Y,Y,Y,Y,Y,
Vital,VNSLPCA,Slippery Elm Bark Powder - CA Label,Y,Y,Y,Y,Y,Y,Y,Y,Y,Y,Y,
Vital,VNSO,Genistein 60ct -,Y,Y,Y,N,Y,Y,Y,Y,Y,Y,Y,
Vital,VNSP,Saw Palmetto Pygeum Nettle 60ct,Y,Y,Y,Y,Y,Y,Y,Y,Y,Y,Y,
Vital,VNSP120,Saw Palmetto Pygeum Nettle 120ct,Y,Y,Y,Y,Y,Y,Y,Y,Y,Y,Y,
Vital,VNSTR,Strontium,Y,Y,Y,Y,Y,Y,Y,Y,Y,Y,Y,
Vital,VNTAU1,Taurine,Y,Y,Y,Y,Y,Y,Y,Y,Y,Y,Y,
Vital,VNTB,Tyrosine & B-Vitamins,Y,Y,Y,Y,Y,Y,Y,Y,Y,Y,Y,
Vital,VNTHEA,L-Theanine 200mg 60ct,Y,Y,Y,Y,Y,Y,Y,Y,Y,Y,Y,
Vital,VNTHEA120,L-Theanine 200mg 120ct,Y,Y,Y,Y,Y,Y,Y,Y,Y,Y,Y,
Vital,VNTM,Triple Mag 90ct,Y,Y,Y,Y,Y,Y,Y,Y,Y,Y,Y,
Vital,VNTM180,Triple Mag 180ct,Y,Y,Y,Y,Y,Y,Y,Y,Y,Y,Y,
Vital,VNVA1060,Vitamin A 3000mcg RAE Soft Gels 60ct,,,,,,,,,,,,
Vital,VNVA25,Vitamin A 7500mcg RAE Soft Gels 100ct,Y,Y,Y,N,Y,Y,Y,Y,Y,Y,N,Contains Fish: cod
Vital,VNVB12F,B12 & Methylfolate 100ct,Y,Y,Y,Y,Y,Y,Y,Y,Y,Y,Y,
Vital,VNVB12F200,B12 & Methylfolate 200ct,Y,Y,Y,Y,Y,Y,Y,Y,Y,Y,Y,
Vital,VNVB12M,Vitamin B12 1000mcg,Y,Y,Y,Y,Y,Y,Y,Y,Y,Y,Y,
Vital,VNVB6100,Vitamin B6 100mg,Y,Y,Y,Y,Y,Y,Y,Y,Y,Y,Y,
Vital,VNVC120V,Vitamin C 1000mg 120ct,Y,Y,Y,Y,Y,Y,Y,Y,Y,Y,Y,
Vital,VNVC220V,Vitamin C 1000mg 220ct,Y,Y,Y,Y,Y,Y,Y,Y,Y,Y,Y,
Vital,VNVCBIO,Vitamin C 250mg + Bioflavonoids 100ct,Y,Y,Y,Y,Y,Y,Y,Y,Y,Y,Y,
Vital,VNVCBIO2,Vitamin C 250mg + Bioflavonoids 220ct,Y,Y,Y,Y,Y,Y,Y,Y,Y,Y,Y,
Vital,VNVD10,Vitamin D3 10000IU 60ct,Y,Y,Y,Y,Y,Y,Y,Y,Y,Y,Y,
Vital,VNVD2,Vitamin D3 2000IU 90ct,Y,Y,Y,Y,Y,Y,Y,Y,Y,Y,Y,
Vital,VNVD5,Vitamin D3 5000IU 90ct,Y,Y,Y,Y,Y,Y,Y,Y,Y,Y,Y,
Vital,VNVD5180,Vitamin D3 5000IU 180ct,Y,Y,Y,Y,Y,Y,Y,Y,Y,Y,Y,
Vital,VNVEMIX,Vitamin E Mixed 400IU,Y,Y,Y,N,Y,Y,Y,Y,Y,Y,Y,
Vital,VNVK2,Vitamin K2-7 180mcg 60ct,Y,Y,Y,Y,Y,Y,Y,Y,Y,Y,Y,
Vital,VNVK2D,Vitamin K2-7 150mcg + VIt D3 60ct,Y,Y,Y,Y,Y,Y,Y,Y,Y,Y,Y,
Vital,VNVK2D120,Vitamin K2-7 150mcg + VIt D3 120ct,Y,Y,Y,Y,Y,Y,Y,Y,Y,Y,Y,
Vital,VNVO,Vegan Omega SPM,Y,Y,Y,Y,Y,Y,Y,Y,Y,Y,Y,
Vital,VNVRC,Viracon 60ct,Y,Y,Y,Y,Y,Y,Y,Y,Y,Y,Y,
Vital,VNVRC120,Viracon 120ct,Y,Y,Y,Y,Y,Y,Y,Y,Y,Y,Y,
Vital,VNVRC120CA,Viracon 120ct - CA Label,Y,Y,Y,Y,Y,Y,Y,Y,Y,Y,Y,
Vital,VNVRCCA,Viracon 60ct - CA Label,Y,Y,Y,Y,Y,Y,Y,Y,Y,Y,Y,
Vital,VNVTX,Vitex 750 Chaste Tree Berry,Y,Y,Y,Y,Y,Y,Y,Y,Y,Y,Y,
Vital,VNWP5,ProWhey 500mg (plain),,,,,,,,,,,,
Vital,VNZI,Zinc Citrate 30mg 90ct,Y,Y,Y,Y,Y,Y,Y,Y,Y,Y,Y,
Vital,VNZI180,Zinc (Citrate) 30mg #180,Y,Y,Y,Y,Y,Y,Y,Y,Y,Y,Y,
Fairhaven,,BFP Ovulation & Pregnancy Test Strips,,,,,,,,,,,,
Fairhaven,,,,,,,,,,,,,,
Fairhaven,,,,,,,,,,,,,,
Fairhaven,CPFHASOVACUEWIRELESSSENSORO,FHASOVACUEWIRELESS,,,,,,,,,,,,
Fairhaven,CPFHASOVACUEWIRELESSSENSORV,FHASOVACUEWIRELESS,,,,,,,,,,,,
Fairhaven,FHBABYDANCE3GTUBE,"BabyDance Fertility Lubricant, Single 3g Tube",,,,,,,,,,,,
Fairhaven,FHBABYDANCE40GAPP,"BabyDance Fertility Lubricant, 40g Tube, 10 Applicators",,,,,,,,,,,,
Fairhaven,FHBABYDANCE40GEXT,"BabyDance Fertility Lubricant, 40g Tube, External Use, Flip-Top Cap",,,,,,,,,,,,
Fairhaven,FHCOQ10,CoEnzyme Q10 for Fertility,Y,Y,Y,Y,Y,Y,Y,Y,Y,Y,Y,
Fairhaven,FHCOUNTBOOST-IR,CountBoost for Men 60ct - Iran,Y,Y,Y,Y,Y,Y,Y,Y,Y,Y,Y,
Fairhaven,FHCOUNTBOOST-NG,CountBoost for Men 60ct - NG,Y,Y,Y,Y,Y,Y,Y,Y,Y,Y,Y,
Fairhaven,FHCOUNTBOOST-US,CountBoost for Men 60ct - US,Y,Y,Y,Y,Y,Y,Y,Y,Y,Y,Y,
Fairhaven,FHCYCLEBOOST,CycleBoost 180ct,Y,Y,Y,Y,Y,Y,Y,Y,Y,Y,Y,
Fairhaven,FHFERTILAIDMEN-IR,FertilAid for Men-Iran,Y,Y,Y,Y,Y,Y,Y,Y,Y,Y,Y,
Fairhaven,FHFERTILAIDMEN-NG,FertilAid for Men - NG,Y,Y,Y,Y,Y,Y,Y,Y,Y,Y,Y,
Fairhaven,FHFERTILAIDMEN-US,FertilAid for Men-US,Y,Y,Y,Y,Y,Y,Y,Y,Y,Y,Y,
Fairhaven,FHFERTILAIDWOMEN-AMZ,FertilAid for Women,Y,Y,Y,Y,Y,Y,Y,Y,Y,Y,Y,
Fairhaven,FHFERTILAIDWOMEN-IR,FertilAid for Women-Iran,Y,Y,Y,Y,Y,Y,Y,Y,Y,Y,Y,
Fairhaven,FHFERTILAIDWOMEN-NG,FertilAid for Women-NG,Y,Y,Y,Y,Y,Y,Y,Y,Y,Y,Y,
Fairhaven,FHFERTILAIDWOMEN-US,FertilAid for Women-US,Y,Y,Y,Y,Y,Y,Y,Y,Y,Y,Y,
Fairhaven,FHFERTILECM,FertileCM,Y,Y,Y,Y,Y,Y,Y,Y,Y,Y,Y,
Fairhaven,FHFERTILECM-IR,FertileCM-Iran,Y,Y,Y,Y,Y,Y,Y,Y,Y,Y,Y,
Fairhaven,FHFERTILITEA,FertiliTea,Y,Y,Y,Y,Y,Y,Y,Y,Y,Y,Y,
Fairhaven,FHISOFRESHPROBIOTIC,IsoFresh Probiotic,Y,N,Y,Y,Y,Y,Y,Y,Y,Y,Y,
Fairhaven,FHMENOPAUSEMULTI30,Menopause Multivitamin 30ct,Y,Y,Y,Y,Y,Y,Y,Y,Y,Y,Y,
Fairhaven,FHMENOPAUSERELIEF30,Complete Menopause Relief,Y,Y,Y,Y,Y,Y,Y,Y,Y,Y,Y,
Fairhaven,FHMILKPRODUCTION30,Complete Lactation Support,Y,Y,Y,Y,Y,Y,Y,Y,Y,Y,Y,
Fairhaven,FHMKPOSTNATAL,Nursing Postnatal Blend 60ct,,,,,,,,,,,,
Fairhaven,FHMOTILITYBOOST-IR,MotilityBoost-Iran,Y,Y,Y,Y,Y,Y,Y,Y,Y,Y,Y,
Fairhaven,FHMOTILITYBOOST-NG,MotilityBoost-NG 60ct,Y,Y,Y,Y,Y,Y,Y,Y,Y,Y,Y,
Fairhaven,FHMOTILITYBOOST-US,MotilityBoost-US 60ct,Y,Y,Y,Y,Y,Y,Y,Y,Y,Y,Y,
Fairhaven,FHMYODCHIRO,Myo-Inositol D-Chiro 120ct,Y,Y,Y,Y,Y,Y,Y,Y,Y,Y,Y,
Fairhaven,FHMYODCHIRO240,Myo-Inositol D-Chiro 240ct,Y,Y,Y,Y,Y,Y,Y,Y,Y,Y,Y,
Fairhaven,FHMYOFOLATE,Myo-Folate (Drinkable Fertility Supplement),Y,Y,Y,Y,Y,Y,Y,Y,Y,Y,Y,
Fairhaven,FHMYOINOSITOL,Myo-Inositol 120ct,Y,Y,Y,Y,Y,Y,Y,Y,Y,Y,Y,
Fairhaven,FHMYOINOSITOL-IR,Myo-Inositol 120ct - Iran,Y,Y,Y,Y,Y,Y,Y,Y,Y,Y,Y,
Fairhaven,FHMYOINOSITOL240,Myo-Inositol 240ct,Y,Y,Y,Y,Y,Y,Y,Y,Y,Y,Y,
Fairhaven,FHMYOPLUS120,Myo + D-Chiro Inositol with PQQ,Y,Y,Y,Y,Y,Y,Y,Y,Y,Y,Y,
Fairhaven,FHONE30,Women's Multivitamin Essentials (One Multi) 30ct,Y,Y,Y,Y,Y,Y,Y,Y,Y,Y,Y,
Fairhaven,FHOTS,BFP Ovulation Test Strip,,,,,,,,,,,,
Fairhaven,FHOVABOOST-AMZ,Ovaboost for Women,,,,,,,,,,,,
Fairhaven,FHOVABOOST-IR,Ovaboost-Iran,Y,Y,Y,Y,Y,Y,Y,Y,Y,Y,Y,
Fairhaven,FHOVABOOST-NG,OvaBoost-NG 120ct,Y,Y,Y,Y,Y,Y,Y,Y,Y,Y,Y,
Fairhaven,FHOVABOOST-US,OvaBoost-US 120ct,Y,Y,Y,Y,Y,Y,Y,Y,Y,Y,Y,
Fairhaven,FHPOSTNATALMULTI60,Postnatal Multivitamin,Y,Y,Y,Y,Y,Y,Y,Y,Y,Y,Y,
Fairhaven,FHPPCALMAG,PeaPod CalMag,Y,Y,Y,Y,Y,Y,Y,Y,Y,Y,Y,
Fairhaven,FHPPOMEGA3,PeaPod Omega-3,Y,Y,Y,Y,Y,Y,Y,Y,Y,Y,N,Contains Fish
Fairhaven,FHPPPRENATAL,Pregnancy Plus Prenatal Vitamin,,,,,,,,,,,,
Fairhaven,FHPRENATALMULTI,Prenatal Multivitamin Essentials 60ct,Y,Y,Y,Y,Y,Y,Y,Y,Y,Y,Y,
Fairhaven,FHPROMEN,FH Pro for Men,Y,Y,Y,Y,Y,Y,Y,Y,Y,Y,Y,
Fairhaven,FHPROMEN-IR,FH Pro for Men - Iran,Y,Y,Y,Y,Y,Y,Y,Y,Y,Y,Y,
Fairhaven,FHPROWOMEN,FH Pro for Women,Y,Y,Y,Y,Y,Y,Y,Y,Y,Y,Y,
Fairhaven,FHPROWOMEN-IR,FH Pro for Women - Iran,Y,Y,Y,Y,Y,Y,Y,Y,Y,Y,Y,
Fairhaven,FHPTS,BFP Pregnancy Test Strip,,,,,,,,,,,,
Bariatric,BFCAPSENERGY,Energy Support 60ct,Y,Y,Y,Y,Y,Y,Y,Y,Y,Y,Y,
Bariatric,BFCAPSGLP30,GLP-1 Boost & Balance,Y,Y,Y,Y,Y,Y,Y,Y,Y,Y,Y,
Bariatric,BFCAPSSLEEP,Sleep Support 60ct,Y,Y,Y,Y,Y,Y,Y,Y,Y,Y,Y,
Bariatric,BFCAPSSTRESS,Stress Support 60ct,Y,Y,Y,Y,Y,Y,Y,Y,Y,Y,Y,
Bariatric,BFCAPSVITA,Vitamin A 3000mcg RAE Soft Gels 60ct,Y,Y,Y,Y,Y,Y,Y,Y,Y,Y,Y,
Bariatric,BFCAPSVITB1,Vitamin B1 (Thiamin),Y,Y,Y,Y,Y,Y,Y,Y,Y,Y,Y,
Bariatric,BFMELTVITD-LEMON,Vitamin D 125mcg (5000IU) Quick Melt (Lemon) 90ct,Y,Y,Y,Y,Y,Y,Y,Y,Y,Y,Y,
Bariatric,BFSUBB12-CHERRY,Sublingual B12 Cherry,Y,Y,Y,Y,Y,Y,Y,Y,Y,Y,Y,
Bariatric,BFSUBB12-GRAPE,Sublingual B12 Grape,Y,Y,Y,Y,Y,Y,Y,Y,Y,Y,Y,
Bariatric,BFCAPSB50,B-50 Complex 90ct,Y,Y,Y,Y,Y,Y,Y,Y,Y,Y,Y,
Bariatric,BFCAPSBIOTIN5000,Biotin 5mg,Y,Y,Y,Y,Y,Y,Y,Y,Y,Y,Y,
Bariatric,BFCAPSHSNR,Hair Skin Nails Rejuvenator 60ct,Y,Y,Y,Y,Y,Y,Y,Y,Y,Y,Y,
Bariatric,BFCAPSIRON30,Multivitamin One Per Day with 45mg Iron 30ct Capsules,Y,Y,Y,Y,Y,Y,Y,Y,Y,Y,Y,
Bariatric,BFCAPSIRONC45,Iron 45mg with Vit C Capsule 60ct,Y,Y,Y,Y,Y,Y,Y,Y,Y,Y,Y,
Bariatric,BFCAPSIRONC60,Iron 60mg with Vit C Capsule 60ct,Y,Y,Y,Y,Y,Y,Y,Y,Y,Y,Y,
Bariatric,BFCAPSMULTI60,Multivitamin Two Per Day NO Iron 60ct Capsules,Y,Y,Y,Y,Y,Y,Y,Y,Y,Y,Y,
Bariatric,BFCAPSVITD,Vitamin D3 5000IU 90ct,Y,Y,Y,Y,Y,Y,Y,Y,Y,Y,Y,
Bariatric,BFMELTIRON-MELONBERRY,Iron 45mg with Vit C (Melon-Berry) Quickmelt 90ct,Y,Y,Y,Y,Y,Y,Y,Y,Y,Y,Y,
Bariatric,BFCAPSADEK,Multivitamin Three Per Day ADEK 90ct Capsule,Y,Y,Y,Y,Y,Y,Y,Y,Y,Y,Y,
Bariatric,BFCAPSIRON90,Multivitamin One Per Day with 45mg Iron 90ct Capsules,Y,Y,Y,Y,Y,Y,Y,Y,Y,Y,Y,
Bariatric,BFCHEWONEK-WATERMELON30,Watermelon One Per Day Bariatric Multivitamin with Iron 30 count,,,,,,,,,,,,
Bariatric,BFCAPSHSNR120,Hair Skin Nails Rejuvenator 120ct,Y,Y,Y,Y,Y,Y,Y,Y,Y,Y,Y,
Bariatric,BFTABCALCIUM180,Calcium Citrate with Vitamin D3,Y,Y,Y,Y,Y,Y,Y,Y,Y,Y,Y,
Bariatric,BFCAPSMULTI180,Multivitamin Two Per Day NO Iron 180ct Capsules,Y,Y,Y,Y,Y,Y,Y,Y,Y,Y,Y,
Bariatric,BFCAPSADEK270,Multivitamin Three Per Day ADEK 270ct Capsule,Y,Y,Y,Y,Y,Y,Y,Y,Y,Y,Y,
Bariatric,BFCHEWADEK,ADEK Complete Chewable,Y,Y,Y,Y,Y,Y,Y,Y,Y,Y,Y,
Bariatric,BFCHEWADEK-CA,ADEK Complete Chewable - CA label,Y,Y,Y,Y,Y,Y,Y,Y,Y,Y,Y,
Bariatric,BFCHEWCALCIUM-ORANGE,Calcium Citrate Chewable - Orange Citrus,Y,Y,Y,Y,Y,Y,Y,N,Y,Y,Y,
Bariatric,BFCHEW-CHERRY,Wild Cherry Complete Chewables,Y,Y,Y,Y,Y,Y,Y,Y,Y,Y,Y,
Bariatric,BFCHEW-CHERRY-CA,Wild Cherry Complete Chew - CA Label,Y,Y,Y,Y,Y,Y,Y,Y,Y,Y,Y,
Bariatric,BFCHEWK-MIXEDBERRY,Very Berry Complete Chewables with K,Y,Y,Y,Y,Y,Y,Y,Y,Y,Y,Y,
Bariatric,BFCHEWK-MIXEDBERRY-CA,Very Berry Complete Chewables with K - CA Label,Y,Y,Y,Y,Y,Y,Y,Y,Y,Y,Y,
Bariatric,BFCHEW-LEMON-BRAZIL,Lemon Complete Chewables Brazil,,,,,,,,,,,,
Bariatric,BFCHEW-MIXEDBERRY,Mixed Berry Complete Chewable,Y,Y,Y,Y,Y,Y,Y,Y,Y,Y,Y,
Bariatric,BFCHEW-MIXEDBERRY-BRAZIL,Mixed Berry Complete Chewable Brazil,,,,,,,,,,,,
Bariatric,BFCHEW-MIXEDBERRY-CA,Mixed Berry Complete - CA Label,Y,Y,Y,Y,Y,Y,Y,Y,Y,Y,Y,
Bariatric,BFCHEWONEK-WATERMELON90,Watermelon One Per Day Bariatric Multivitamin with Iron 90 count,,,,,,,,,,,,
Bariatric,BFCHEW-ORANGE,Orange Cream Complete Chewable,Y,Y,Y,Y,Y,Y,Y,Y,Y,Y,Y,
Bariatric,BFCHEW-ORANGE-BRAZIL,Orange Cream Complete Chewable Brazil,,,,,,,,,,,,
Bariatric,BFCHEW-ORANGE-CA,Orange Complete Chew - CA Label,Y,Y,Y,Y,Y,Y,Y,Y,Y,Y,Y,
Bariatric,BFCHEW-STRAWBERRY,Strawberry Complete Chewables,Y,Y,Y,Y,Y,Y,Y,Y,Y,Y,Y,
Bariatric,BFCHEW-STRAWBERRY-BRAZIL,Strawberry Complete Chewables Brazil,,,,,,,,,,,,
Bariatric,BFCHEW-STRAWBERRY-CA,Strawberry Complete Chew - CA Label,Y,Y,Y,Y,Y,Y,Y,Y,Y,Y,Y,
Bariatric,BFCHEW-TROPICAL,Tropical Complete Chewables,Y,Y,Y,Y,Y,Y,Y,Y,Y,Y,Y,
Bariatric,BFCHEW-TROPICAL-BRAZIL,Tropical Complete Chewables Brazil,,,,,,,,,,,,
Bariatric,BFCHEW-TROPICAL-CA,Tropical Complete Chewable -CA Label,Y,Y,Y,Y,Y,Y,Y,Y,Y,Y,Y,
Bariatric,BFMELTCALCIUM-WATERMELON,Calcium Citrate-Malate (Watermelon) Quickmelt 120ct,Y,Y,Y,Y,Y,Y,Y,Y,Y,Y,Y,
Bariatric,BFCAPSDIGESTIVE,Digestive Enzyme capsules,Y,Y,Y,Y,Y,Y,Y,Y,Y,Y,Y,
Bariatric,BFCAPSGLPMULTI30,GLP-ONE Multivitamin,Y,Y,Y,Y,Y,Y,Y,Y,Y,Y,Y,
Bariatric,BFCAPSIRONFREE30,One-Per-Day Multivitamin without Iron 30 ct,Y,Y,Y,Y,Y,Y,Y,Y,Y,Y,Y,
Bariatric,BFCAPSIRONFREE90,One-Per-Day Multivitamin without Iron 90 ct,Y,Y,Y,Y,Y,Y,Y,Y,Y,Y,Y,
Bariatric,BFCAPSMULTI60-BRAZIL,Multivitamin Capsule Brazil,,,,,,,,,,,,
Bariatric,BFCAPSMULTIMEN30,"One Per Day Men’s Multivitamin Capsule, 30ct",Y,Y,Y,Y,Y,Y,Y,Y,Y,Y,Y,
Bariatric,BFCAPSMULTIMEN90,"One Per Day Men’s Multivitamin Capsule, 90ct",Y,Y,Y,Y,Y,Y,Y,Y,Y,Y,Y,
Bariatric,BFCAPSMULTIWOMEN30,"One Per Day Women’s Multivitamin Capsule, 30ct",Y,Y,Y,Y,Y,Y,Y,Y,Y,Y,Y,
Bariatric,BFCAPSMULTIWOMEN90,"One Per Day Women’s Multivitamin Capsule, 90ct",Y,Y,Y,Y,Y,Y,Y,Y,Y,Y,Y,
Bariatric,BFCAPSPROBIOTIC,Probiotic Capsule,Y,Y,Y,Y,Y,Y,Y,Y,Y,Y,Y,
Bariatric,BFGLPFIBER-UNFL-20S,GLP-One Prebiotic Fiber Powder,Y,Y,Y,Y,Y,Y,Y,Y,Y,Y,Y,
Bariatric,BFMELTMULTI-WILDBERRY,Wildberry Multivitamin Quick Melt,N,Y,Y,N,Y,N,Y,Y,Y,Y,Y,
Bariatric,BFPROT-CAPP-21S,Cappuccino Protein Tubs,Y,N,N,Y,Y,Y,Y,N,Y,Y,Y,
Bariatric,BFPROT-CAPP-21S-CA,Cappuccino Tub - CA Label,Y,N,N,Y,Y,Y,Y,N,Y,Y,Y,
Bariatric,BFPROT-CHICSOUP-21S,Chicken Soup Protein Tubs,Y,N,N,Y,Y,Y,Y,N,Y,Y,Y,
Bariatric,BFPROT-CHICSOUP-21S-CA,Chicken Soup Protein Tubs - CA Label,Y,N,N,Y,Y,Y,Y,N,Y,Y,Y,
Bariatric,BFPROT-CHOC-21S,Chocolate Protein Tubs,Y,N,N,N,Y,Y,Y,N,Y,Y,Y,
Bariatric,BFPROT-CHOC-21S-CA,Chocolate Tub - CA Label,Y,N,N,N,Y,Y,Y,N,Y,Y,Y,
Bariatric,BFPROT-CHOCNUT-21S,Chocolate Peanut Butter Tubs,Y,N,N,Y,Y,Y,Y,N,Y,Y,Y,
Bariatric,BFPROT-CHOCNUT-21S-CA,Chocolate Peanut Butter Tubs - CA Label,Y,N,N,Y,Y,Y,Y,N,Y,Y,Y,
Bariatric,BFPROTCOLLAGEN-CHOC-30S,Chocolate Collagen Tubs,,,,,,,,,,,,
Bariatric,BFPROTCOLLAGEN-STRAWBANANA-30S,Strawberry Banana Collagen Tubs,Y,Y,Y,Y,N,Y,Y,Y,N,Y,N,
Bariatric,BFPROTCOLLAGEN-UNFL-30S,Unflavored Collagen Tubs,Y,Y,Y,Y,N,Y,Y,Y,N,Y,N,
Bariatric,BFPROTPKT-CAPP,Cappuccino Protein Packets,Y,N,N,Y,Y,Y,Y,N,Y,Y,Y,
Bariatric,BFPROTPKT-CAPP-CA,Cappuccino Protein Packets- CA,,,,,,,,,,,,
Bariatric,BFPROTPKT-CHICSOUP,Chicken Soup Protein Packets,Y,N,N,Y,Y,Y,Y,N,Y,Y,Y,
Bariatric,BFPROTPKT-CHICSOUP-CA,Chicken Soup Protein Packets- CA,,,,,,,,,,,,
Bariatric,BFPROTPKT-CHOC,Chocolate Protein Packets,Y,N,N,Y,Y,Y,Y,N,Y,Y,Y,
Bariatric,BFPROTPKT-CHOC-CA,Chocolate Protein Packets- CA,Y,N,N,N,Y,Y,Y,N,Y,Y,Y,
Bariatric,BFPROTPKT-CHOCNUT,Chocolate Peanut Butter Packets,Y,N,N,Y,Y,Y,Y,N,Y,Y,Y,
Bariatric,BFPROTPKT-CHOCNUT-CA,Chocolate Peanut Butter Packets- CA,Y,N,N,N,Y,Y,Y,N,Y,Y,Y,
Bariatric,BFPROTPKTCOLLAGEN-UNFL,Unflavored Collagen Packets,Y,Y,Y,Y,N,Y,Y,Y,N,Y,N,
Bariatric,BFPROTPKTCOLLAGEN-UNFL-CA,Unflavored Collagen Packets - CA Label,,,,,,,,,,,,
Bariatric,BFPROTPKT-STRAWBANANA,Strawberry Banana Protein Packet,Y,N,N,Y,Y,Y,Y,N,Y,Y,Y,
Bariatric,BFPROTPKT-STRAWBANANA-CA,Strawberry Banana Protein Packet- CA,Y,N,N,N,Y,Y,Y,N,Y,Y,Y,
Bariatric,BFPROTPKT-STRAWBERRY,Strawberry Protein Packets,Y,N,N,Y,Y,Y,Y,N,Y,Y,Y,
Bariatric,BFPROTPKT-STRAWBERRY-CA,Strawberry Protein Packets- CA,Y,N,N,N,Y,Y,Y,N,Y,Y,Y,
Bariatric,BFPROTPKT-UNFL,Unflavored Packets,Y,N,N,N,Y,Y,Y,N,Y,Y,Y,
Bariatric,BFPROTPKT-UNFL-CA,Unflavored Packets- CA,Y,N,N,N,Y,Y,Y,N,Y,Y,Y,
Bariatric,BFPROTPKT-VAN,Vanilla Protein Packets,Y,N,N,Y,Y,Y,Y,N,Y,Y,Y,
Bariatric,BFPROTPKT-VAN-CA,Vanilla Protein Packets- CA,Y,N,N,N,Y,Y,Y,N,Y,Y,Y,
Bariatric,BFPROT-STRAWBANANA-21S,Strawberry Banana Protein Tub,Y,N,N,Y,Y,Y,Y,N,Y,Y,Y,
Bariatric,BFPROT-STRAWBANANA-21S-CA,Strawberry Banana Protein Tub - CA,Y,N,N,Y,Y,Y,Y,N,Y,Y,Y,
Bariatric,BFPROT-STRAWBERRY-21S,Strawberry Protein Tubs,Y,N,N,N,Y,Y,Y,N,Y,Y,Y,
Bariatric,BFPROT-STRAWBERRY-21S-CA,Strawberry Protein Tub - CA Label,Y,N,N,Y,Y,Y,Y,N,Y,Y,Y,
Bariatric,BFPROT-UNFL-21S,Unflavored Tubs,Y,N,N,Y,Y,Y,Y,N,Y,Y,Y,
Bariatric,BFPROT-UNFL-21S-CA,Unflavored Tubs - CA Label,Y,N,N,Y,Y,Y,Y,N,Y,Y,Y,
Bariatric,BFPROT-VAN-21S,Vanilla Protein Tubs,Y,N,N,Y,Y,Y,Y,N,Y,Y,Y,
Bariatric,BFPROT-VAN-21S-CA,Vanilla Tub - CA Label,Y,N,N,Y,Y,Y,Y,N,Y,Y,Y,
Bariatric,BFSOFTCALCIUM-CARAMEL,Caramel Calcium Soft Chews,,Y,,,,Y,,,Y,Y,,"Made in facility that processes peanuts, tree nuts, soy, dairy, eggs wheat and fish gelatin"
Bariatric,BFSOFTCALCIUM-CRANGRAPE,Cran-Grape Calcium Soft Chews,,Y,,,,Y,,,Y,Y,,"Made in facility that processes peanuts, tree nuts, soy, dairy, eggs wheat and fish gelatin"
Bariatric,BFSOFTCALCIUM-FRUITPUNCH,Fruit Punch Calcium Soft Chews,,Y,,,,Y,,,Y,Y,,"Made in facility that processes peanuts, tree nuts, soy, dairy, eggs wheat and fish gelatin"
Bariatric,BFSOFTCALCIUM-LEMON,Lemon Calcium Soft Chews,,Y,,,,Y,,,Y,Y,,"Made in facility that processes peanuts, tree nuts, soy, dairy, eggs wheat and fish gelatin"
Bariatric,BFSOFTCALCIUM-STRAWBERRY,Strawberry Blast Calcium Soft Chews,,Y,,,,Y,,,Y,Y,,"Made in facility that processes peanuts, tree nuts, soy, dairy, eggs wheat and fish gelatin"
Bariatric,BFSOFTCALCIUM-VAN,Vanilla Creme Calcium Soft Chews,,Y,,,,Y,,,Y,Y,,"Made in facility that processes peanuts, tree nuts, soy, dairy, eggs wheat and fish gelatin"
Bariatric,BFSOFTIRON-CHERRY,Cherry Iron Soft Chews,,Y,,N,,Y,,,Y,Y,,"Made in facility that processes peanuts, tree nuts, soy, dairy, eggs wheat and fish gelatin"
Bariatric,BFSOFTIRON-GRAPE,Grape Iron Soft Chews,,Y,,N,,Y,,,Y,Y,,"Made in facility that processes peanuts, tree nuts, soy, dairy, eggs wheat and fish gelatin"
Bariatric,BFSOFTIRON-WATERMELON,Watermelon Iron Soft Chews,,Y,,N,,Y,,,Y,Y,,"Made in facility that processes peanuts, tree nuts, soy, dairy, eggs wheat and fish gelatin"
Bariatric,BFSOFTMULTI-CHERRYPINEAPPLE,Cherry Pineapple Soft Chews,,Y,,,,Y,,,Y,Y,,"Made in facility that processes peanuts, tree nuts, soy, dairy, eggs wheat and fish gelatin"
Bariatric,BFSOFTMULTI-MIXEDBERRY,Mixed Berry Soft Chews,,Y,,,,Y,,,Y,Y,,"Made in facility that processes peanuts, tree nuts, soy, dairy, eggs wheat and fish gelatin"
Bariatric,BFSOFTMULTI-TROPICAL,Tropical Fruit Soft Chews,,Y,,,,Y,,,Y,Y,,"Made in facility that processes peanuts, tree nuts, soy, dairy, eggs wheat and fish gelatin"
Bariatric,BFSOFTMULTI-WATERMELON,Watermelon Multi Soft Chews,,Y,,,,Y,,,Y,Y,,"Made in facility that processes peanuts, tree nuts, soy, dairy, eggs wheat and fish gelatin"
Bariatric,BFSOFTPROBIOTIC,Probiotic Soft Chews,,,,,,,,,,,,
Bariatric,BFSOFTPROBIOTIC-GRAPE,Probiotic Soft Chews Grape,,Y,,,,Y,,,Y,Y,,"Made in facility that processes peanuts, tree nuts, soy, dairy, eggs wheat and fish gelatin"
Bariatric,BFSOFTCALCIUMVARIETY,Calcium Soft Chew Variety Pack (TBD - new product coming),,,,,,,,,,,,